Onliner ID;Раздел;Производитель;Товар;Артикул;id-предложения;Цена;Валюта;Описание предложения;Изготовитель;Импортер;Сервисный центр;Гарантия;Срок доставки по Минску;Срок доставки по РБ;Только для юр. лиц;Наличие на складе;В наличии на складе;Срок рассрочки по Халве;Onliner Prime;Цена по промокоду;Повышенная рассрочка Minipay;Кредит на «Родныя тавары»
4979181;Bluetooth-метки;Ugreen;FineTrack Slim Smart Finder CM817;45298;;74,48;BYN;Опт. Цены с НДС. Товары в наличии 1 шт, точное количество уточняйте. Цена действительна в день заказа. Доставка только в будние дни. Выходные дни в сроке заказа не учитываются.;Ugreen Group Limited, Hong Kong;"ООО ""АйТи Дистрибуция"". Минский район, Боровлянский сельсовет, 103/3-7;";"ЧП ""МобиЛАБ СЦ"". г. Минск, ул. Толбухина, 2А";12;2;4;Да;;Нет;;Нет;0;Нет;Нет
4425429;SSD;AGI;AI298 1TB AGI1T0GIMAI298;AGI1T0GIMAI298, AGI1T0GIMAI298-CB;;659,73;BYN;Опт. Цены с НДС. Товары в наличии 1 шт, точное количество уточняйте. Цена действительна в день заказа. Доставка только в будние дни. Выходные дни в сроке заказа не учитываются.;АГИ Текнолоджи Ко., Лтд. Китай (Тайвань), Тайпей Сити, Нейху Дистрикт, Тайдинг Авеню, Секшн 1, Но. 33, 8тх Флор;"ООО ""АйТи Дистрибуция"". Минский район, Боровлянский сельсовет, 103/3-7;";"ЧП ""МобиЛАБ СЦ"". г. Минск, ул. Толбухина, 2А";12;2;4;Да;;Нет;;Нет;0;Нет;Нет
4647675;SSD;Apacer;AS340X 240GB AP240GAS340XC;AP240GAS340XC;;149,94;BYN;Опт. Цены с НДС. Товары в наличии 1 шт, точное количество уточняйте. Цена действительна в день заказа. Доставка только в будние дни. Выходные дни в сроке заказа не учитываются.;Apacer Technology Inc., 4F., No.32, Zhongcheng Rd., Tucheng, New Taipei 236, Taiwan;"ООО ""АйТи Дистрибуция"". Минский район, Боровлянский сельсовет, 103/3-7;";"ЧП ""МобиЛАБ СЦ"". г. Минск, ул. Толбухина, 2А";12;2;4;Да;;Нет;;Нет;0;Нет;Нет
4826245;SSD;Apacer;Panther AS350 256GB AP256GAS350;AP256GAS350;;173,93;BYN;Опт. Цены с НДС. Товары в наличии 1 шт, точное количество уточняйте. Цена действительна в день заказа. Доставка только в будние дни. Выходные дни в сроке заказа не учитываются.;Apacer Technology Inc., 4F., No.32, Zhongcheng Rd., Tucheng, New Taipei 236, Taiwan;"ООО ""АйТи Дистрибуция"". Минский район, Боровлянский сельсовет, 103/3-7;";"ЧП ""МобиЛАБ СЦ"". г. Минск, ул. Толбухина, 2А";12;2;4;Да;;Нет;;Нет;0;Нет;Нет
4056518;SSD;BIOSTAR;M760 256GB M760-256GB;M760-256GB;;206,71;BYN;Опт. Цены с НДС. Товары в наличии 1 шт, точное количество уточняйте. Цена действительна в день заказа. Доставка только в будние дни. Выходные дни в сроке заказа не учитываются.;Biostar Microtech International Corp., New Taipei 231, Taiwan;"ООО ""АйТи Дистрибуция"". Минский район, Боровлянский сельсовет, 103/3-7;";"ЧП ""МобиЛАБ СЦ"". г. Минск, ул. Толбухина, 2А";12;2;4;Да;;Нет;;Нет;0;Нет;Нет
5281644;SSD;BIOSTAR;S180 512GB S180-512G;S180-512G, 4712960688810, SY085S2EC5;;295,88;BYN;Опт. Цены с НДС. Товары в наличии 1 шт, точное количество уточняйте. Цена действительна в день заказа. Доставка только в будние дни. Выходные дни в сроке заказа не учитываются.;Biostar Microtech International Corp., New Taipei 231, Taiwan;"ООО ""АйТи Дистрибуция"". Минский район, Боровлянский сельсовет, 103/3-7;";"ЧП ""МобиЛАБ СЦ"". г. Минск, ул. Толбухина, 2А";12;2;4;Да;;Нет;;Нет;0;Нет;Нет
4890239;SSD;Crucial;E100 480GB CT480E100SSD8;CT480E100SSD8;;379,84;BYN;Опт. Цены с НДС. Товары в наличии 1 шт, точное количество уточняйте. Цена действительна в день заказа. Доставка только в будние дни. Выходные дни в сроке заказа не учитываются.;Micron Consumer Products Group, Inc. (Crucial), 8000 S Federal Way, Boise, ID 83716, USA;"ООО ""АйТи Дистрибуция"". Минский район, Боровлянский сельсовет, 103/3-7;";"ЧП ""МобиЛАБ СЦ"". г. Минск, ул. Толбухина, 2А";12;2;4;Да;;Нет;;Нет;0;Нет;Нет
3399389;SSD;KingSpec;P3 256GB;P3-256;;130,74;BYN;Опт. Цены с НДС. Товары в наличии 1 шт, точное количество уточняйте. Цена действительна в день заказа. Доставка только в будние дни. Выходные дни в сроке заказа не учитываются.;KingSpec;"ООО ""АйТи Дистрибуция"". Минский район, Боровлянский сельсовет, 103/3-7;";"ЧП ""МобиЛАБ СЦ"". г. Минск, ул. Толбухина, 2А";12;2;4;Да;;Нет;;Нет;0;Нет;Нет
1061153;SSD;Kingston;A400 240GB SA400S37/240G;SA400S37/240G;;283,88;BYN;Опт. Цены с НДС. Товары в наличии 1 шт, точное количество уточняйте. Цена действительна в день заказа. Доставка только в будние дни. Выходные дни в сроке заказа не учитываются.;Kingston Technology Company, Inc., 17600 Newhope St., Fountain Valley, CA 92708, USA;"ООО ""АйТи Дистрибуция"". Минский район, Боровлянский сельсовет, 103/3-7;";"ЧП ""МобиЛАБ СЦ"". г. Минск, ул. Толбухина, 2А";12;2;4;Да;;Нет;;Нет;0;Нет;Нет
1061154;SSD;Kingston;A400 480GB SA400S37/480G;SA400S37/480G, SA400S37/480GIN;;416,67;BYN;Опт. Цены с НДС. Товары в наличии 1 шт, точное количество уточняйте. Цена действительна в день заказа. Доставка только в будние дни. Выходные дни в сроке заказа не учитываются.;Kingston Technology Company, Inc., 17600 Newhope St., Fountain Valley, CA 92708, USA;"ООО ""АйТи Дистрибуция"". Минский район, Боровлянский сельсовет, 103/3-7;";"ЧП ""МобиЛАБ СЦ"". г. Минск, ул. Толбухина, 2А";12;2;4;Да;;Нет;;Нет;0;Нет;Нет
1359890;SSD;Kingston;A400 960GB SA400S37/960G;SA400S37/960G, SA400S37/960GCN;;561,44;BYN;Опт. Цены с НДС. Товары в наличии 1 шт, точное количество уточняйте. Цена действительна в день заказа. Доставка только в будние дни. Выходные дни в сроке заказа не учитываются.;Kingston Technology Company, Inc., 17600 Newhope St., Fountain Valley, CA 92708, USA;"ООО ""АйТи Дистрибуция"". Минский район, Боровлянский сельсовет, 103/3-7;";"ЧП ""МобиЛАБ СЦ"". г. Минск, ул. Толбухина, 2А";12;2;4;Да;;Нет;;Нет;0;Нет;Нет
3833107;SSD;Kingston;Fury Renegade 2TB SFYRDK/2000G;SFYRDK/2000G;;1599,34;BYN;Опт. Цены с НДС. Товары в наличии 1 шт, точное количество уточняйте. Цена действительна в день заказа. Доставка только в будние дни. Выходные дни в сроке заказа не учитываются.;Kingston Technology Company, Inc., 17600 Newhope St., Fountain Valley, CA 92708, USA;"ООО ""АйТи Дистрибуция"". Минский район, Боровлянский сельсовет, 103/3-7;";"ЧП ""МобиЛАБ СЦ"". г. Минск, ул. Толбухина, 2А";12;2;4;Да;;Нет;;Нет;0;Нет;Нет
2817130;SSD;Kingston;KC3000 1TB SKC3000S/1024G;SKC3000S/1024G;;929,62;BYN;Опт. Цены с НДС. Товары в наличии 1 шт, точное количество уточняйте. Цена действительна в день заказа. Доставка только в будние дни. Выходные дни в сроке заказа не учитываются.;Kingston Technology Company, Inc., 17600 Newhope St., Fountain Valley, CA 92708, USA;"ООО ""АйТи Дистрибуция"". Минский район, Боровлянский сельсовет, 103/3-7;";"ЧП ""МобиЛАБ СЦ"". г. Минск, ул. Толбухина, 2А";12;2;4;Да;;Нет;;Нет;0;Нет;Нет
2817141;SSD;Kingston;KC3000 2TB SKC3000D/2048G;SKC3000D/2048G;;1582,69;BYN;Опт. Цены с НДС. Товары в наличии 1 шт, точное количество уточняйте. Цена действительна в день заказа. Доставка только в будние дни. Выходные дни в сроке заказа не учитываются.;Kingston Technology Company, Inc., 17600 Newhope St., Fountain Valley, CA 92708, USA;"ООО ""АйТи Дистрибуция"". Минский район, Боровлянский сельсовет, 103/3-7;";"ЧП ""МобиЛАБ СЦ"". г. Минск, ул. Толбухина, 2А";12;2;4;Да;;Нет;;Нет;0;Нет;Нет
2817142;SSD;Kingston;KC3000 4TB SKC3000D/4096G;SKC3000D/4096G;;3324,97;BYN;Опт. Цены с НДС. Товары в наличии 1 шт, точное количество уточняйте. Цена действительна в день заказа. Доставка только в будние дни. Выходные дни в сроке заказа не учитываются.;Kingston Technology Company, Inc., 17600 Newhope St., Fountain Valley, CA 92708, USA;"ООО ""АйТи Дистрибуция"". Минский район, Боровлянский сельсовет, 103/3-7;";"ЧП ""МобиЛАБ СЦ"". г. Минск, ул. Толбухина, 2А";12;2;4;Да;;Нет;;Нет;0;Нет;Нет
4613881;SSD;Kingston;NV3 1TB SNV3S/1000G;SNV3S/1000G;;633,07;BYN;Опт. Цены с НДС. Товары в наличии 1 шт, точное количество уточняйте. Цена действительна в день заказа. Доставка только в будние дни. Выходные дни в сроке заказа не учитываются.;Kingston Technology Company, Inc., 17600 Newhope St., Fountain Valley, CA 92708, USA;"ООО ""АйТи Дистрибуция"". Минский район, Боровлянский сельсовет, 103/3-7;";"ЧП ""МобиЛАБ СЦ"". г. Минск, ул. Толбухина, 2А";12;2;4;Да;;Нет;;Нет;0;Нет;Нет
4613883;SSD;Kingston;NV3 2TB SNV3S/2000G;SNV3S/2000G;;1116,21;BYN;Опт. Цены с НДС. Товары в наличии 1 шт, точное количество уточняйте. Цена действительна в день заказа. Доставка только в будние дни. Выходные дни в сроке заказа не учитываются.;Kingston Technology Company, Inc., 17600 Newhope St., Fountain Valley, CA 92708, USA;"ООО ""АйТи Дистрибуция"". Минский район, Боровлянский сельсовет, 103/3-7;";"ЧП ""МобиЛАБ СЦ"". г. Минск, ул. Толбухина, 2А";12;2;4;Да;;Нет;;Нет;0;Нет;Нет
4766103;SSD;Kingston;NV3 4TB SNV3S/4000G;SNV3S/4000G;;2452,33;BYN;Опт. Цены с НДС. Товары в наличии 1 шт, точное количество уточняйте. Цена действительна в день заказа. Доставка только в будние дни. Выходные дни в сроке заказа не учитываются.;Kingston Technology Company, Inc., 17600 Newhope St., Fountain Valley, CA 92708, USA;"ООО ""АйТи Дистрибуция"". Минский район, Боровлянский сельсовет, 103/3-7;";"ЧП ""МобиЛАБ СЦ"". г. Минск, ул. Толбухина, 2А";12;2;4;Да;;Нет;;Нет;0;Нет;Нет
4613879;SSD;Kingston;NV3 500GB SNV3S/500G;SNV3S/500G;;507,79;BYN;Опт. Цены с НДС. Товары в наличии 1 шт, точное количество уточняйте. Цена действительна в день заказа. Доставка только в будние дни. Выходные дни в сроке заказа не учитываются.;Kingston Technology Company, Inc., 17600 Newhope St., Fountain Valley, CA 92708, USA;"ООО ""АйТи Дистрибуция"". Минский район, Боровлянский сельсовет, 103/3-7;";"ЧП ""МобиЛАБ СЦ"". г. Минск, ул. Толбухина, 2А";12;2;4;Да;;Нет;;Нет;0;Нет;Нет
2193884;SSD;Patriot;Burst Elite 240GB PBE240GS25SSDR;PBE240GS25SSDR;;150,04;BYN;Опт. Цены с НДС. Товары в наличии 1 шт, точное количество уточняйте. Цена действительна в день заказа. Доставка только в будние дни. Выходные дни в сроке заказа не учитываются.;Patriot Memory LLC, 47027 Benicia St., Fremont, CA 94538, USA;"ООО ""АйТи Дистрибуция"". Минский район, Боровлянский сельсовет, 103/3-7;";"ЧП ""МобиЛАБ СЦ"". г. Минск, ул. Толбухина, 2А";12;2;4;Да;;Нет;;Нет;0;Нет;Нет
1943076;SSD;Patriot;P210 512GB P210S512G25;P210S512G25;;292,55;BYN;Опт. Цены с НДС. Товары в наличии 1 шт, точное количество уточняйте. Цена действительна в день заказа. Доставка только в будние дни. Выходные дни в сроке заказа не учитываются.;Patriot Memory LLC, 47027 Benicia St., Fremont, CA 94538, USA;"ООО ""АйТи Дистрибуция"". Минский район, Боровлянский сельсовет, 103/3-7;";"ЧП ""МобиЛАБ СЦ"". г. Минск, ул. Толбухина, 2А";12;2;4;Да;;Нет;;Нет;0;Нет;Нет
1920871;SSD;Patriot;P300 1TB P300P1TBM28;P300P1TBM28;;601,42;BYN;Опт. Цены с НДС. Товары в наличии 1 шт, точное количество уточняйте. Цена действительна в день заказа. Доставка только в будние дни. Выходные дни в сроке заказа не учитываются.;Patriot Memory LLC, 47027 Benicia St., Fremont, CA 94538, USA;"ООО ""АйТи Дистрибуция"". Минский район, Боровлянский сельсовет, 103/3-7;";"ЧП ""МобиЛАБ СЦ"". г. Минск, ул. Толбухина, 2А";12;2;4;Да;;Нет;;Нет;0;Нет;Нет
4692823;SSD;Patriot;P320 256GB P320P256GM28;P320P256GM28;;229,24;BYN;Опт. Цены с НДС. Товары в наличии 1 шт, точное количество уточняйте. Цена действительна в день заказа. Доставка только в будние дни. Выходные дни в сроке заказа не учитываются.;Patriot Memory LLC, 47027 Benicia St., Fremont, CA 94538, USA;"ООО ""АйТи Дистрибуция"". Минский район, Боровлянский сельсовет, 103/3-7;";"ЧП ""МобиЛАБ СЦ"". г. Минск, ул. Толбухина, 2А";12;2;4;Да;;Нет;;Нет;0;Нет;Нет
3987564;SSD;Patriot;P400 Lite 1TB P400LP1KGM28H;P400LP1KGM28H;;613,88;BYN;Опт. Цены с НДС. Товары в наличии 1 шт, точное количество уточняйте. Цена действительна в день заказа. Доставка только в будние дни. Выходные дни в сроке заказа не учитываются.;Patriot Memory LLC, 47027 Benicia St., Fremont, CA 94538, USA;"ООО ""АйТи Дистрибуция"". Минский район, Боровлянский сельсовет, 103/3-7;";"ЧП ""МобиЛАБ СЦ"". г. Минск, ул. Толбухина, 2А";12;2;4;Да;;Нет;;Нет;0;Нет;Нет
5011377;SSD;Patriot;P400 Lite 2TB P400LP2KGM28H;P400LP2KGM28H;;1158,86;BYN;Опт. Цены с НДС. Товары в наличии 1 шт, точное количество уточняйте. Цена действительна в день заказа. Доставка только в будние дни. Выходные дни в сроке заказа не учитываются.;Patriot Memory LLC, 47027 Benicia St., Fremont, CA 94538, USA;"ООО ""АйТи Дистрибуция"". Минский район, Боровлянский сельсовет, 103/3-7;";"ЧП ""МобиЛАБ СЦ"". г. Минск, ул. Толбухина, 2А";12;2;4;Да;;Нет;;Нет;0;Нет;Нет
4471786;Аксессуары для ванной и туалета;Milwaukee;4932480707;4932480707;;70,01;BYN;Опт. Цены с НДС. Товары в наличии 1 шт, точное количество уточняйте. Цена действительна в день заказа. Доставка только в будние дни. Выходные дни в сроке заказа не учитываются.;Milwaukee;"ООО ""АйТи Дистрибуция"". Минский район, Боровлянский сельсовет, 103/3-7;";"ЧП ""МобиЛАБ СЦ"". г. Минск, ул. Толбухина, 2А";12;2;4;Да;;Нет;;Нет;0;Нет;Нет
4605846;Аксессуары для газонной техники, кусторезов и садовых ножниц;Milwaukee;4932493382;4932493382;;83,20;BYN;Опт. Цены с НДС. Товары в наличии 1 шт, точное количество уточняйте. Цена действительна в день заказа. Доставка только в будние дни. Выходные дни в сроке заказа не учитываются.;Milwaukee;"ООО ""АйТи Дистрибуция"". Минский район, Боровлянский сельсовет, 103/3-7;";"ЧП ""МобиЛАБ СЦ"". г. Минск, ул. Толбухина, 2А";12;2;4;Да;;Нет;;Нет;0;Нет;Нет
5303407;Аксессуары для утюгов, домашней климатической техники;Dreame;Antibacterial Humidifying Pad DVK7 для увлажнителя-очистителя воздуха Dreame H40;DVK7;;46,29;BYN;Опт. Цены с НДС. Товары в наличии 1 шт, точное количество уточняйте. Цена действительна в день заказа. Доставка только в будние дни. Выходные дни в сроке заказа не учитываются.;Dreame;"ООО ""АйТи Дистрибуция"". Минский район, Боровлянский сельсовет, 103/3-7;";"ЧП ""МобиЛАБ СЦ"". г. Минск, ул. Толбухина, 2А";12;2;4;Да;;Нет;;Нет;0;Нет;Нет
5281605;Аксессуары для утюгов, домашней климатической техники;Dreame;DVK2 для очистителей воздуха Dreame PM10/PM20;DVK2;;256,36;BYN;Опт. Цены с НДС. Товары в наличии 1 шт, точное количество уточняйте. Цена действительна в день заказа. Доставка только в будние дни. Выходные дни в сроке заказа не учитываются.;Dreame;"ООО ""АйТи Дистрибуция"". Минский район, Боровлянский сельсовет, 103/3-7;";"ЧП ""МобиЛАБ СЦ"". г. Минск, ул. Толбухина, 2А";12;2;4;Да;;Нет;;Нет;0;Нет;Нет
5034499;Аксессуары и запчасти для цепных пил;DeWalt;DT20665;DT20665, 5035048683354;;248,72;BYN;Опт. Цены с НДС. Товары в наличии 1 шт, точное количество уточняйте. Цена действительна в день заказа. Доставка только в будние дни. Выходные дни в сроке заказа не учитываются.;DeWalt;"ООО ""АйТи Дистрибуция"". Минский район, Боровлянский сельсовет, 103/3-7;";"ЧП ""МобиЛАБ СЦ"". г. Минск, ул. Толбухина, 2А";12;2;4;Да;;Нет;;Нет;0;Нет;Нет
5162110;Аксессуары и запчасти для цепных пил;DeWalt;DT20689-QZ;DT20689-QZ, 5035048791165;;159,60;BYN;Опт. Цены с НДС. Товары в наличии 1 шт, точное количество уточняйте. Цена действительна в день заказа. Доставка только в будние дни. Выходные дни в сроке заказа не учитываются.;DeWalt;"ООО ""АйТи Дистрибуция"". Минский район, Боровлянский сельсовет, 103/3-7;";"ЧП ""МобиЛАБ СЦ"". г. Минск, ул. Толбухина, 2А";12;2;4;Да;;Нет;;Нет;0;Нет;Нет
5162109;Аксессуары и запчасти для цепных пил;DeWalt;DT20690-QZ;DT20690-QZ, 5035048791172;;139,82;BYN;Опт. Цены с НДС. Товары в наличии 1 шт, точное количество уточняйте. Цена действительна в день заказа. Доставка только в будние дни. Выходные дни в сроке заказа не учитываются.;DeWalt;"ООО ""АйТи Дистрибуция"". Минский район, Боровлянский сельсовет, 103/3-7;";"ЧП ""МобиЛАБ СЦ"". г. Минск, ул. Толбухина, 2А";12;2;4;Да;;Нет;;Нет;0;Нет;Нет
4395644;Аксессуары и запчасти для цепных пил;Dolmar;958400001;958400001;;41,59;BYN;Опт. Цены с НДС. Товары в наличии 1 шт, точное количество уточняйте. Цена действительна в день заказа. Доставка только в будние дни. Выходные дни в сроке заказа не учитываются.;Dolmar;"ООО ""АйТи Дистрибуция"". Минский район, Боровлянский сельсовет, 103/3-7;";"ЧП ""МобиЛАБ СЦ"". г. Минск, ул. Толбухина, 2А";12;2;4;Да;;Нет;;Нет;0;Нет;Нет
5162129;Аксессуары и запчасти для цепных пил;MaxPiler;MX-1.1-28-1/4;MX-1.1-28-1/4, 4673744842067;;7,23;BYN;Опт. Цены с НДС. Товары в наличии 1 шт, точное количество уточняйте. Цена действительна в день заказа. Доставка только в будние дни. Выходные дни в сроке заказа не учитываются.;MaxPiler;"ООО ""АйТи Дистрибуция"". Минский район, Боровлянский сельсовет, 103/3-7;";"ЧП ""МобиЛАБ СЦ"". г. Минск, ул. Толбухина, 2А";12;2;4;Да;;Нет;;Нет;0;Нет;Нет
5162128;Аксессуары и запчасти для цепных пил;MaxPiler;MX-1.1-37-1/4;MX-1.1-37-1/4, 4673744842074;;9,04;BYN;Опт. Цены с НДС. Товары в наличии 1 шт, точное количество уточняйте. Цена действительна в день заказа. Доставка только в будние дни. Выходные дни в сроке заказа не учитываются.;MaxPiler;"ООО ""АйТи Дистрибуция"". Минский район, Боровлянский сельсовет, 103/3-7;";"ЧП ""МобиЛАБ СЦ"". г. Минск, ул. Толбухина, 2А";12;2;4;Да;;Нет;;Нет;0;Нет;Нет
5162127;Аксессуары и запчасти для цепных пил;MaxPiler;MX-1.3-50-3/8;MX-1.3-50-3/8, 4655300085286;;17,14;BYN;Опт. Цены с НДС. Товары в наличии 1 шт, точное количество уточняйте. Цена действительна в день заказа. Доставка только в будние дни. Выходные дни в сроке заказа не учитываются.;MaxPiler;"ООО ""АйТи Дистрибуция"". Минский район, Боровлянский сельсовет, 103/3-7;";"ЧП ""МобиЛАБ СЦ"". г. Минск, ул. Толбухина, 2А";12;2;4;Да;;Нет;;Нет;0;Нет;Нет
5083219;Аксессуары и запчасти для цепных пил;MaxPiler;MX-1.3-52-3/8;MX-1.3-52-3/8;;16,82;BYN;Опт. Цены с НДС. Товары в наличии 1 шт, точное количество уточняйте. Цена действительна в день заказа. Доставка только в будние дни. Выходные дни в сроке заказа не учитываются.;MaxPiler;"ООО ""АйТи Дистрибуция"". Минский район, Боровлянский сельсовет, 103/3-7;";"ЧП ""МобиЛАБ СЦ"". г. Минск, ул. Толбухина, 2А";12;2;4;Да;;Нет;;Нет;0;Нет;Нет
4569253;Аксессуары и запчасти для цепных пил;MaxPiler;MX-1.3-55-3/8;MX-1.3-55-3/8;;17,58;BYN;Опт. Цены с НДС. Товары в наличии 1 шт, точное количество уточняйте. Цена действительна в день заказа. Доставка только в будние дни. Выходные дни в сроке заказа не учитываются.;MaxPiler;"ООО ""АйТи Дистрибуция"". Минский район, Боровлянский сельсовет, 103/3-7;";"ЧП ""МобиЛАБ СЦ"". г. Минск, ул. Толбухина, 2А";12;2;4;Да;;Нет;;Нет;0;Нет;Нет
4569254;Аксессуары и запчасти для цепных пил;MaxPiler;MX-1.3-56-3/8;MX-1.3-56-3/8;;18,05;BYN;Опт. Цены с НДС. Товары в наличии 1 шт, точное количество уточняйте. Цена действительна в день заказа. Доставка только в будние дни. Выходные дни в сроке заказа не учитываются.;MaxPiler;"ООО ""АйТи Дистрибуция"". Минский район, Боровлянский сельсовет, 103/3-7;";"ЧП ""МобиЛАБ СЦ"". г. Минск, ул. Толбухина, 2А";12;2;4;Да;;Нет;;Нет;0;Нет;Нет
5162126;Аксессуары и запчасти для цепных пил;MaxPiler;MX-1.3-57-3/8;MX-1.3-57-3/8, 4655300085323;;19,53;BYN;Опт. Цены с НДС. Товары в наличии 1 шт, точное количество уточняйте. Цена действительна в день заказа. Доставка только в будние дни. Выходные дни в сроке заказа не учитываются.;MaxPiler;"ООО ""АйТи Дистрибуция"". Минский район, Боровлянский сельсовет, 103/3-7;";"ЧП ""МобиЛАБ СЦ"". г. Минск, ул. Толбухина, 2А";12;2;4;Да;;Нет;;Нет;0;Нет;Нет
5162125;Аксессуары и запчасти для цепных пил;MaxPiler;MX-1.3-59-3/8;MX-1.3-59-3/8, 4655300093427;;20,94;BYN;Опт. Цены с НДС. Товары в наличии 1 шт, точное количество уточняйте. Цена действительна в день заказа. Доставка только в будние дни. Выходные дни в сроке заказа не учитываются.;MaxPiler;"ООО ""АйТи Дистрибуция"". Минский район, Боровлянский сельсовет, 103/3-7;";"ЧП ""МобиЛАБ СЦ"". г. Минск, ул. Толбухина, 2А";12;2;4;Да;;Нет;;Нет;0;Нет;Нет
4569256;Аксессуары и запчасти для цепных пил;MaxPiler;MX-1.3-62-3/8;MX-1.3-62-3/8;;22,64;BYN;Опт. Цены с НДС. Товары в наличии 1 шт, точное количество уточняйте. Цена действительна в день заказа. Доставка только в будние дни. Выходные дни в сроке заказа не учитываются.;MaxPiler;"ООО ""АйТи Дистрибуция"". Минский район, Боровлянский сельсовет, 103/3-7;";"ЧП ""МобиЛАБ СЦ"". г. Минск, ул. Толбухина, 2А";12;2;4;Да;;Нет;;Нет;0;Нет;Нет
5162124;Аксессуары и запчасти для цепных пил;MaxPiler;MX-1.3-64-0.325;MX-1.3-64-0.325, 4655300085361;;27,09;BYN;Опт. Цены с НДС. Товары в наличии 1 шт, точное количество уточняйте. Цена действительна в день заказа. Доставка только в будние дни. Выходные дни в сроке заказа не учитываются.;MaxPiler;"ООО ""АйТи Дистрибуция"". Минский район, Боровлянский сельсовет, 103/3-7;";"ЧП ""МобиЛАБ СЦ"". г. Минск, ул. Толбухина, 2А";12;2;4;Да;;Нет;;Нет;0;Нет;Нет
5083220;Аксессуары и запчасти для цепных пил;MaxPiler;MX-1.3-72-0.325;MX-1.3-72-0.325;;25,71;BYN;Опт. Цены с НДС. Товары в наличии 1 шт, точное количество уточняйте. Цена действительна в день заказа. Доставка только в будние дни. Выходные дни в сроке заказа не учитываются.;MaxPiler;"ООО ""АйТи Дистрибуция"". Минский район, Боровлянский сельсовет, 103/3-7;";"ЧП ""МобиЛАБ СЦ"". г. Минск, ул. Толбухина, 2А";12;2;4;Да;;Нет;;Нет;0;Нет;Нет
5083221;Аксессуары и запчасти для цепных пил;MaxPiler;MX-1.3-76-0.325;MX-1.3-76-0.325;;25,71;BYN;Опт. Цены с НДС. Товары в наличии 1 шт, точное количество уточняйте. Цена действительна в день заказа. Доставка только в будние дни. Выходные дни в сроке заказа не учитываются.;MaxPiler;"ООО ""АйТи Дистрибуция"". Минский район, Боровлянский сельсовет, 103/3-7;";"ЧП ""МобиЛАБ СЦ"". г. Минск, ул. Толбухина, 2А";12;2;4;Да;;Нет;;Нет;0;Нет;Нет
4569258;Аксессуары и запчасти для цепных пил;MaxPiler;MX-1.5-64-0.325;MX-1.5-64-0.325;;22,17;BYN;Опт. Цены с НДС. Товары в наличии 1 шт, точное количество уточняйте. Цена действительна в день заказа. Доставка только в будние дни. Выходные дни в сроке заказа не учитываются.;MaxPiler;"ООО ""АйТи Дистрибуция"". Минский район, Боровлянский сельсовет, 103/3-7;";"ЧП ""МобиЛАБ СЦ"". г. Минск, ул. Толбухина, 2А";12;2;4;Да;;Нет;;Нет;0;Нет;Нет
5083222;Аксессуары и запчасти для цепных пил;MaxPiler;MX-1.5-72-0.325;MX-1.5-72-0.325;;22,42;BYN;Опт. Цены с НДС. Товары в наличии 1 шт, точное количество уточняйте. Цена действительна в день заказа. Доставка только в будние дни. Выходные дни в сроке заказа не учитываются.;MaxPiler;"ООО ""АйТи Дистрибуция"". Минский район, Боровлянский сельсовет, 103/3-7;";"ЧП ""МобиЛАБ СЦ"". г. Минск, ул. Толбухина, 2А";12;2;4;Да;;Нет;;Нет;0;Нет;Нет
5083225;Аксессуары и запчасти для цепных пил;MaxPiler;MXGB-1.3-55-3/8-16;MXGB-1.3-55-3/8-16, 4655300093649;;25,46;BYN;Опт. Цены с НДС. Товары в наличии 1 шт, точное количество уточняйте. Цена действительна в день заказа. Доставка только в будние дни. Выходные дни в сроке заказа не учитываются.;MaxPiler;"ООО ""АйТи Дистрибуция"". Минский район, Боровлянский сельсовет, 103/3-7;";"ЧП ""МобиЛАБ СЦ"". г. Минск, ул. Толбухина, 2А";12;2;4;Да;;Нет;;Нет;0;Нет;Нет
5083226;Аксессуары и запчасти для цепных пил;MaxPiler;MXGB-1.3-56-3/8-16;MXGB-1.3-56-3/8-16, 4655300093656;;25,46;BYN;Опт. Цены с НДС. Товары в наличии 1 шт, точное количество уточняйте. Цена действительна в день заказа. Доставка только в будние дни. Выходные дни в сроке заказа не учитываются.;MaxPiler;"ООО ""АйТи Дистрибуция"". Минский район, Боровлянский сельсовет, 103/3-7;";"ЧП ""МобиЛАБ СЦ"". г. Минск, ул. Толбухина, 2А";12;2;4;Да;;Нет;;Нет;0;Нет;Нет
5083227;Аксессуары и запчасти для цепных пил;MaxPiler;MXGB-1.3-57-3/8-16;MXGB-1.3-57-3/8-16, 4659900300893;;25,46;BYN;Опт. Цены с НДС. Товары в наличии 1 шт, точное количество уточняйте. Цена действительна в день заказа. Доставка только в будние дни. Выходные дни в сроке заказа не учитываются.;MaxPiler;"ООО ""АйТи Дистрибуция"". Минский район, Боровлянский сельсовет, 103/3-7;";"ЧП ""МобиЛАБ СЦ"". г. Минск, ул. Толбухина, 2А";12;2;4;Да;;Нет;;Нет;0;Нет;Нет
4569259;Аксессуары и запчасти для цепных пил;MaxPiler;MXGB-1.3-59-3/8-16;MXGB-1.3-59-3/8-16;;25,61;BYN;Опт. Цены с НДС. Товары в наличии 1 шт, точное количество уточняйте. Цена действительна в день заказа. Доставка только в будние дни. Выходные дни в сроке заказа не учитываются.;MaxPiler;"ООО ""АйТи Дистрибуция"". Минский район, Боровлянский сельсовет, 103/3-7;";"ЧП ""МобиЛАБ СЦ"". г. Минск, ул. Толбухина, 2А";12;2;4;Да;;Нет;;Нет;0;Нет;Нет
4569261;Аксессуары и запчасти для цепных пил;MaxPiler;MXGB-1.3-62-3/8-18;MXGB-1.3-62-3/8-18;;26,73;BYN;Опт. Цены с НДС. Товары в наличии 1 шт, точное количество уточняйте. Цена действительна в день заказа. Доставка только в будние дни. Выходные дни в сроке заказа не учитываются.;MaxPiler;"ООО ""АйТи Дистрибуция"". Минский район, Боровлянский сельсовет, 103/3-7;";"ЧП ""МобиЛАБ СЦ"". г. Минск, ул. Толбухина, 2А";12;2;4;Да;;Нет;;Нет;0;Нет;Нет
5083228;Аксессуары и запчасти для цепных пил;MaxPiler;MXGB-1.3-72-0.325-18;MXGB-1.3-72-0.325-18, 4659900300909;;27,78;BYN;Опт. Цены с НДС. Товары в наличии 1 шт, точное количество уточняйте. Цена действительна в день заказа. Доставка только в будние дни. Выходные дни в сроке заказа не учитываются.;MaxPiler;"ООО ""АйТи Дистрибуция"". Минский район, Боровлянский сельсовет, 103/3-7;";"ЧП ""МобиЛАБ СЦ"". г. Минск, ул. Толбухина, 2А";12;2;4;Да;;Нет;;Нет;0;Нет;Нет
5083229;Аксессуары и запчасти для цепных пил;MaxPiler;MXGB-1.3-76-0.325-20;MXGB-1.3-76-0.325-20, 4659900300916;;27,95;BYN;Опт. Цены с НДС. Товары в наличии 1 шт, точное количество уточняйте. Цена действительна в день заказа. Доставка только в будние дни. Выходные дни в сроке заказа не учитываются.;MaxPiler;"ООО ""АйТи Дистрибуция"". Минский район, Боровлянский сельсовет, 103/3-7;";"ЧП ""МобиЛАБ СЦ"". г. Минск, ул. Толбухина, 2А";12;2;4;Да;;Нет;;Нет;0;Нет;Нет
5083230;Аксессуары и запчасти для цепных пил;MaxPiler;MXGB-1.5-72-0.325-18;MXGB-1.5-72-0.325-18, 4655300093663;;27,78;BYN;Опт. Цены с НДС. Товары в наличии 1 шт, точное количество уточняйте. Цена действительна в день заказа. Доставка только в будние дни. Выходные дни в сроке заказа не учитываются.;MaxPiler;"ООО ""АйТи Дистрибуция"". Минский район, Боровлянский сельсовет, 103/3-7;";"ЧП ""МобиЛАБ СЦ"". г. Минск, ул. Толбухина, 2А";12;2;4;Да;;Нет;;Нет;0;Нет;Нет
5083231;Аксессуары и запчасти для цепных пил;MaxPiler;MXGB-1.5-76-0.325-20;MXGB-1.5-76-0.325-20, 4655300093670;;30,48;BYN;Опт. Цены с НДС. Товары в наличии 1 шт, точное количество уточняйте. Цена действительна в день заказа. Доставка только в будние дни. Выходные дни в сроке заказа не учитываются.;MaxPiler;"ООО ""АйТи Дистрибуция"". Минский район, Боровлянский сельсовет, 103/3-7;";"ЧП ""МобиЛАБ СЦ"". г. Минск, ул. Толбухина, 2А";12;2;4;Да;;Нет;;Нет;0;Нет;Нет
5083232;Аксессуары и запчасти для цепных пил;MaxPiler;MXGB-1.6-60-3/8-16;MXGB-1.6-60-3/8-16, 4673744840551;;29,19;BYN;Опт. Цены с НДС. Товары в наличии 1 шт, точное количество уточняйте. Цена действительна в день заказа. Доставка только в будние дни. Выходные дни в сроке заказа не учитываются.;MaxPiler;"ООО ""АйТи Дистрибуция"". Минский район, Боровлянский сельсовет, 103/3-7;";"ЧП ""МобиЛАБ СЦ"". г. Минск, ул. Толбухина, 2А";12;2;4;Да;;Нет;;Нет;0;Нет;Нет
5083233;Аксессуары и запчасти для цепных пил;MaxPiler;MXGB-1.6-66-3/8-18;MXGB-1.6-66-3/8-18, 4673744840568;;31,60;BYN;Опт. Цены с НДС. Товары в наличии 1 шт, точное количество уточняйте. Цена действительна в день заказа. Доставка только в будние дни. Выходные дни в сроке заказа не учитываются.;MaxPiler;"ООО ""АйТи Дистрибуция"". Минский район, Боровлянский сельсовет, 103/3-7;";"ЧП ""МобиЛАБ СЦ"". г. Минск, ул. Толбухина, 2А";12;2;4;Да;;Нет;;Нет;0;Нет;Нет
5083234;Аксессуары и запчасти для цепных пил;MaxPiler;MXGB-1.6-68-0.325-18;MXGB-1.6-68-0.325-18, 4673744840575;;29,59;BYN;Опт. Цены с НДС. Товары в наличии 1 шт, точное количество уточняйте. Цена действительна в день заказа. Доставка только в будние дни. Выходные дни в сроке заказа не учитываются.;MaxPiler;"ООО ""АйТи Дистрибуция"". Минский район, Боровлянский сельсовет, 103/3-7;";"ЧП ""МобиЛАБ СЦ"". г. Минск, ул. Толбухина, 2А";12;2;4;Да;;Нет;;Нет;0;Нет;Нет
5083235;Аксессуары и запчасти для цепных пил;MaxPiler;MXS-1.3-50-3/8;MXS-1.3-50-3/8;;20,58;BYN;Опт. Цены с НДС. Товары в наличии 1 шт, точное количество уточняйте. Цена действительна в день заказа. Доставка только в будние дни. Выходные дни в сроке заказа не учитываются.;MaxPiler;"ООО ""АйТи Дистрибуция"". Минский район, Боровлянский сельсовет, 103/3-7;";"ЧП ""МобиЛАБ СЦ"". г. Минск, ул. Толбухина, 2А";12;2;4;Да;;Нет;;Нет;0;Нет;Нет
5083236;Аксессуары и запчасти для цепных пил;MaxPiler;MXS-1.3-52-3/8;MXS-1.3-52-3/8;;21,37;BYN;Опт. Цены с НДС. Товары в наличии 1 шт, точное количество уточняйте. Цена действительна в день заказа. Доставка только в будние дни. Выходные дни в сроке заказа не учитываются.;MaxPiler;"ООО ""АйТи Дистрибуция"". Минский район, Боровлянский сельсовет, 103/3-7;";"ЧП ""МобиЛАБ СЦ"". г. Минск, ул. Толбухина, 2А";12;2;4;Да;;Нет;;Нет;0;Нет;Нет
4569263;Аксессуары и запчасти для цепных пил;MaxPiler;MXS-1.3-55-3/8;MXS-1.3-55-3/8;;24,34;BYN;Опт. Цены с НДС. Товары в наличии 1 шт, точное количество уточняйте. Цена действительна в день заказа. Доставка только в будние дни. Выходные дни в сроке заказа не учитываются.;MaxPiler;"ООО ""АйТи Дистрибуция"". Минский район, Боровлянский сельсовет, 103/3-7;";"ЧП ""МобиЛАБ СЦ"". г. Минск, ул. Толбухина, 2А";12;2;4;Да;;Нет;;Нет;0;Нет;Нет
5162123;Аксессуары и запчасти для цепных пил;MaxPiler;MXS-1.3-56-3/8;MXS-1.3-56-3/8, 4655300093434;;23,73;BYN;Опт. Цены с НДС. Товары в наличии 1 шт, точное количество уточняйте. Цена действительна в день заказа. Доставка только в будние дни. Выходные дни в сроке заказа не учитываются.;MaxPiler;"ООО ""АйТи Дистрибуция"". Минский район, Боровлянский сельсовет, 103/3-7;";"ЧП ""МобиЛАБ СЦ"". г. Минск, ул. Толбухина, 2А";12;2;4;Да;;Нет;;Нет;0;Нет;Нет
4569344;Аксессуары и запчасти для цепных пил;MaxPiler;MXS-1.3-57-3/8;MXS-1.3-57-3/8;;24,70;BYN;Опт. Цены с НДС. Товары в наличии 1 шт, точное количество уточняйте. Цена действительна в день заказа. Доставка только в будние дни. Выходные дни в сроке заказа не учитываются.;MaxPiler;"ООО ""АйТи Дистрибуция"". Минский район, Боровлянский сельсовет, 103/3-7;";"ЧП ""МобиЛАБ СЦ"". г. Минск, ул. Толбухина, 2А";12;2;4;Да;;Нет;;Нет;0;Нет;Нет
5083237;Аксессуары и запчасти для цепных пил;MaxPiler;MXS-1.3-62-3/8;MXS-1.3-62-3/8;;25,64;BYN;Опт. Цены с НДС. Товары в наличии 1 шт, точное количество уточняйте. Цена действительна в день заказа. Доставка только в будние дни. Выходные дни в сроке заказа не учитываются.;MaxPiler;"ООО ""АйТи Дистрибуция"". Минский район, Боровлянский сельсовет, 103/3-7;";"ЧП ""МобиЛАБ СЦ"". г. Минск, ул. Толбухина, 2А";12;2;4;Да;;Нет;;Нет;0;Нет;Нет
5083238;Аксессуары и запчасти для цепных пил;MaxPiler;MXS-1.3-64-0.325;MXS-1.3-64-0.325;;31,00;BYN;Опт. Цены с НДС. Товары в наличии 1 шт, точное количество уточняйте. Цена действительна в день заказа. Доставка только в будние дни. Выходные дни в сроке заказа не учитываются.;MaxPiler;"ООО ""АйТи Дистрибуция"". Минский район, Боровлянский сельсовет, 103/3-7;";"ЧП ""МобиЛАБ СЦ"". г. Минск, ул. Толбухина, 2А";12;2;4;Да;;Нет;;Нет;0;Нет;Нет
5083239;Аксессуары и запчасти для цепных пил;MaxPiler;MXS-1.3-72-0.325;MXS-1.3-72-0.325;;32,12;BYN;Опт. Цены с НДС. Товары в наличии 1 шт, точное количество уточняйте. Цена действительна в день заказа. Доставка только в будние дни. Выходные дни в сроке заказа не учитываются.;MaxPiler;"ООО ""АйТи Дистрибуция"". Минский район, Боровлянский сельсовет, 103/3-7;";"ЧП ""МобиЛАБ СЦ"". г. Минск, ул. Толбухина, 2А";12;2;4;Да;;Нет;;Нет;0;Нет;Нет
5083240;Аксессуары и запчасти для цепных пил;MaxPiler;MXS-1.5-64-0.325;MXS-1.5-64-0.325, 4655300093472;;27,59;BYN;Опт. Цены с НДС. Товары в наличии 1 шт, точное количество уточняйте. Цена действительна в день заказа. Доставка только в будние дни. Выходные дни в сроке заказа не учитываются.;MaxPiler;"ООО ""АйТи Дистрибуция"". Минский район, Боровлянский сельсовет, 103/3-7;";"ЧП ""МобиЛАБ СЦ"". г. Минск, ул. Толбухина, 2А";12;2;4;Да;;Нет;;Нет;0;Нет;Нет
5083241;Аксессуары и запчасти для цепных пил;MaxPiler;MXS-1.5-72-0.325;MXS-1.5-72-0.325, 4655300093489;;29,52;BYN;Опт. Цены с НДС. Товары в наличии 1 шт, точное количество уточняйте. Цена действительна в день заказа. Доставка только в будние дни. Выходные дни в сроке заказа не учитываются.;MaxPiler;"ООО ""АйТи Дистрибуция"". Минский район, Боровлянский сельсовет, 103/3-7;";"ЧП ""МобиЛАБ СЦ"". г. Минск, ул. Толбухина, 2А";12;2;4;Да;;Нет;;Нет;0;Нет;Нет
5083242;Аксессуары и запчасти для цепных пил;MaxPiler;MXS-1.5-76-0.325;MXS-1.5-76-0.325;;32,38;BYN;Опт. Цены с НДС. Товары в наличии 1 шт, точное количество уточняйте. Цена действительна в день заказа. Доставка только в будние дни. Выходные дни в сроке заказа не учитываются.;MaxPiler;"ООО ""АйТи Дистрибуция"". Минский район, Боровлянский сельсовет, 103/3-7;";"ЧП ""МобиЛАБ СЦ"". г. Минск, ул. Толбухина, 2А";12;2;4;Да;;Нет;;Нет;0;Нет;Нет
5083243;Аксессуары и запчасти для цепных пил;MaxPiler;MXSP-1.3-50-3/8;MXSP-1.3-50-3/8;;23,25;BYN;Опт. Цены с НДС. Товары в наличии 1 шт, точное количество уточняйте. Цена действительна в день заказа. Доставка только в будние дни. Выходные дни в сроке заказа не учитываются.;MaxPiler;"ООО ""АйТи Дистрибуция"". Минский район, Боровлянский сельсовет, 103/3-7;";"ЧП ""МобиЛАБ СЦ"". г. Минск, ул. Толбухина, 2А";12;2;4;Да;;Нет;;Нет;0;Нет;Нет
5083244;Аксессуары и запчасти для цепных пил;MaxPiler;MXSP-1.3-55-3/8;MXSP-1.3-55-3/8;;25,06;BYN;Опт. Цены с НДС. Товары в наличии 1 шт, точное количество уточняйте. Цена действительна в день заказа. Доставка только в будние дни. Выходные дни в сроке заказа не учитываются.;MaxPiler;"ООО ""АйТи Дистрибуция"". Минский район, Боровлянский сельсовет, 103/3-7;";"ЧП ""МобиЛАБ СЦ"". г. Минск, ул. Толбухина, 2А";12;2;4;Да;;Нет;;Нет;0;Нет;Нет
5083245;Аксессуары и запчасти для цепных пил;MaxPiler;MXSP-1.3-64-0.325;MXSP-1.3-64-0.325;;34,50;BYN;Опт. Цены с НДС. Товары в наличии 1 шт, точное количество уточняйте. Цена действительна в день заказа. Доставка только в будние дни. Выходные дни в сроке заказа не учитываются.;MaxPiler;"ООО ""АйТи Дистрибуция"". Минский район, Боровлянский сельсовет, 103/3-7;";"ЧП ""МобиЛАБ СЦ"". г. Минск, ул. Толбухина, 2А";12;2;4;Да;;Нет;;Нет;0;Нет;Нет
5083246;Аксессуары и запчасти для цепных пил;MaxPiler;MXSP-1.3-72-0.325;MXSP-1.3-72-0.325;;38,04;BYN;Опт. Цены с НДС. Товары в наличии 1 шт, точное количество уточняйте. Цена действительна в день заказа. Доставка только в будние дни. Выходные дни в сроке заказа не учитываются.;MaxPiler;"ООО ""АйТи Дистрибуция"". Минский район, Боровлянский сельсовет, 103/3-7;";"ЧП ""МобиЛАБ СЦ"". г. Минск, ул. Толбухина, 2А";12;2;4;Да;;Нет;;Нет;0;Нет;Нет
5083247;Аксессуары и запчасти для цепных пил;MaxPiler;MXSP-1.6-60-3/8;MXSP-1.6-60-3/8;;34,58;BYN;Опт. Цены с НДС. Товары в наличии 1 шт, точное количество уточняйте. Цена действительна в день заказа. Доставка только в будние дни. Выходные дни в сроке заказа не учитываются.;MaxPiler;"ООО ""АйТи Дистрибуция"". Минский район, Боровлянский сельсовет, 103/3-7;";"ЧП ""МобиЛАБ СЦ"". г. Минск, ул. Толбухина, 2А";12;2;4;Да;;Нет;;Нет;0;Нет;Нет
5083248;Аксессуары и запчасти для цепных пил;MaxPiler;MXSP-1.6-66-3/8;MXSP-1.6-66-3/8;;37,87;BYN;Опт. Цены с НДС. Товары в наличии 1 шт, точное количество уточняйте. Цена действительна в день заказа. Доставка только в будние дни. Выходные дни в сроке заказа не учитываются.;MaxPiler;"ООО ""АйТи Дистрибуция"". Минский район, Боровлянский сельсовет, 103/3-7;";"ЧП ""МобиЛАБ СЦ"". г. Минск, ул. Толбухина, 2А";12;2;4;Да;;Нет;;Нет;0;Нет;Нет
5083249;Аксессуары и запчасти для цепных пил;MaxPiler;MXSP-1.6-67-0.325;MXSP-1.6-67-0.325;;38,56;BYN;Опт. Цены с НДС. Товары в наличии 1 шт, точное количество уточняйте. Цена действительна в день заказа. Доставка только в будние дни. Выходные дни в сроке заказа не учитываются.;MaxPiler;"ООО ""АйТи Дистрибуция"". Минский район, Боровлянский сельсовет, 103/3-7;";"ЧП ""МобиЛАБ СЦ"". г. Минск, ул. Толбухина, 2А";12;2;4;Да;;Нет;;Нет;0;Нет;Нет
4954236;Аксессуары и запчасти для цепных пил;Milwaukee;4932464873;4932464873, 4058546228187;;171,62;BYN;Опт. Цены с НДС. Товары в наличии 1 шт, точное количество уточняйте. Цена действительна в день заказа. Доставка только в будние дни. Выходные дни в сроке заказа не учитываются.;Milwaukee;"ООО ""АйТи Дистрибуция"". Минский район, Боровлянский сельсовет, 103/3-7;";"ЧП ""МобиЛАБ СЦ"". г. Минск, ул. Толбухина, 2А";12;2;4;Да;;Нет;;Нет;0;Нет;Нет
4954246;Аксессуары и запчасти для цепных пил;Milwaukee;4932471329;4932471329, 4058546289577;;132,08;BYN;Опт. Цены с НДС. Товары в наличии 1 шт, точное количество уточняйте. Цена действительна в день заказа. Доставка только в будние дни. Выходные дни в сроке заказа не учитываются.;Milwaukee;"ООО ""АйТи Дистрибуция"". Минский район, Боровлянский сельсовет, 103/3-7;";"ЧП ""МобиЛАБ СЦ"". г. Минск, ул. Толбухина, 2А";12;2;4;Да;;Нет;;Нет;0;Нет;Нет
4954241;Аксессуары и запчасти для цепных пил;Milwaukee;4932479820;4932479820, 4058546376147;;160,54;BYN;Опт. Цены с НДС. Товары в наличии 1 шт, точное количество уточняйте. Цена действительна в день заказа. Доставка только в будние дни. Выходные дни в сроке заказа не учитываются.;Milwaukee;"ООО ""АйТи Дистрибуция"". Минский район, Боровлянский сельсовет, 103/3-7;";"ЧП ""МобиЛАБ СЦ"". г. Минск, ул. Толбухина, 2А";12;2;4;Да;;Нет;;Нет;0;Нет;Нет
4954230;Аксессуары и запчасти для цепных пил;Milwaukee;4932480168;4932480168, 4058546404536;;129,98;BYN;Опт. Цены с НДС. Товары в наличии 1 шт, точное количество уточняйте. Цена действительна в день заказа. Доставка только в будние дни. Выходные дни в сроке заказа не учитываются.;Milwaukee;"ООО ""АйТи Дистрибуция"". Минский район, Боровлянский сельсовет, 103/3-7;";"ЧП ""МобиЛАБ СЦ"". г. Минск, ул. Толбухина, 2А";12;2;4;Да;;Нет;;Нет;0;Нет;Нет
4954242;Аксессуары и запчасти для цепных пил;Milwaukee;4932480169;4932480169, 4058546404543;;120,69;BYN;Опт. Цены с НДС. Товары в наличии 1 шт, точное количество уточняйте. Цена действительна в день заказа. Доставка только в будние дни. Выходные дни в сроке заказа не учитываются.;Milwaukee;"ООО ""АйТи Дистрибуция"". Минский район, Боровлянский сельсовет, 103/3-7;";"ЧП ""МобиЛАБ СЦ"". г. Минск, ул. Толбухина, 2А";12;2;4;Да;;Нет;;Нет;0;Нет;Нет
4954249;Аксессуары и запчасти для цепных пил;Milwaukee;4932480171;4932480171, 4058546404567;;335,30;BYN;Опт. Цены с НДС. Товары в наличии 1 шт, точное количество уточняйте. Цена действительна в день заказа. Доставка только в будние дни. Выходные дни в сроке заказа не учитываются.;Milwaukee;"ООО ""АйТи Дистрибуция"". Минский район, Боровлянский сельсовет, 103/3-7;";"ЧП ""МобиЛАБ СЦ"". г. Минск, ул. Толбухина, 2А";12;2;4;Да;;Нет;;Нет;0;Нет;Нет
4954240;Аксессуары и запчасти для цепных пил;Milwaukee;4932480172;4932480172, 4058546404574;;182,93;BYN;Опт. Цены с НДС. Товары в наличии 1 шт, точное количество уточняйте. Цена действительна в день заказа. Доставка только в будние дни. Выходные дни в сроке заказа не учитываются.;Milwaukee;"ООО ""АйТи Дистрибуция"". Минский район, Боровлянский сельсовет, 103/3-7;";"ЧП ""МобиЛАБ СЦ"". г. Минск, ул. Толбухина, 2А";12;2;4;Да;;Нет;;Нет;0;Нет;Нет
4954232;Аксессуары и запчасти для цепных пил;Milwaukee;4932480174;4932480174, 4058546404598;;220,22;BYN;Опт. Цены с НДС. Товары в наличии 1 шт, точное количество уточняйте. Цена действительна в день заказа. Доставка только в будние дни. Выходные дни в сроке заказа не учитываются.;Milwaukee;"ООО ""АйТи Дистрибуция"". Минский район, Боровлянский сельсовет, 103/3-7;";"ЧП ""МобиЛАБ СЦ"". г. Минск, ул. Толбухина, 2А";12;2;4;Да;;Нет;;Нет;0;Нет;Нет
4954217;Аксессуары и запчасти для цепных пил;Milwaukee;4932480177;4932480177, 4058546404628;;215,23;BYN;Опт. Цены с НДС. Товары в наличии 1 шт, точное количество уточняйте. Цена действительна в день заказа. Доставка только в будние дни. Выходные дни в сроке заказа не учитываются.;Milwaukee;"ООО ""АйТи Дистрибуция"". Минский район, Боровлянский сельсовет, 103/3-7;";"ЧП ""МобиЛАБ СЦ"". г. Минск, ул. Толбухина, 2А";12;2;4;Да;;Нет;;Нет;0;Нет;Нет
4954220;Аксессуары и запчасти для цепных пил;Milwaukee;4932480178;4932480178, 4058546404635;;230,16;BYN;Опт. Цены с НДС. Товары в наличии 1 шт, точное количество уточняйте. Цена действительна в день заказа. Доставка только в будние дни. Выходные дни в сроке заказа не учитываются.;Milwaukee;"ООО ""АйТи Дистрибуция"". Минский район, Боровлянский сельсовет, 103/3-7;";"ЧП ""МобиЛАБ СЦ"". г. Минск, ул. Толбухина, 2А";12;2;4;Да;;Нет;;Нет;0;Нет;Нет
5079149;Аксессуары и запчасти для цепных пил;Milwaukee;FCHSC 3/8''x304.8x1.1 4932471385;4932471385;;137,18;BYN;Опт. Цены с НДС. Товары в наличии 1 шт, точное количество уточняйте. Цена действительна в день заказа. Доставка только в будние дни. Выходные дни в сроке заказа не учитываются.;Milwaukee;"ООО ""АйТи Дистрибуция"". Минский район, Боровлянский сельсовет, 103/3-7;";"ЧП ""МобиЛАБ СЦ"". г. Минск, ул. Толбухина, 2А";12;2;4;Да;;Нет;;Нет;0;Нет;Нет
4605858;Аксессуары и запчасти для цепных пил;Milwaukee;M12 FHS 3/8''x152x1.1 4932478427;4932478427, 4058546346188;;126,29;BYN;Опт. Цены с НДС. Товары в наличии 1 шт, точное количество уточняйте. Цена действительна в день заказа. Доставка только в будние дни. Выходные дни в сроке заказа не учитываются.;Milwaukee;"ООО ""АйТи Дистрибуция"". Минский район, Боровлянский сельсовет, 103/3-7;";"ЧП ""МобиЛАБ СЦ"". г. Минск, ул. Толбухина, 2А";12;2;4;Да;;Нет;;Нет;0;Нет;Нет
4510613;Биты, головки, насадки, держатели;Milwaukee;4932478105;4932478105;;416,46;BYN;Опт. Цены с НДС. Товары в наличии 1 шт, точное количество уточняйте. Цена действительна в день заказа. Доставка только в будние дни. Выходные дни в сроке заказа не учитываются.;Milwaukee;"ООО ""АйТи Дистрибуция"". Минский район, Боровлянский сельсовет, 103/3-7;";"ЧП ""МобиЛАБ СЦ"". г. Минск, ул. Толбухина, 2А";12;2;4;Да;;Нет;;Нет;0;Нет;Нет
4556076;Биты, головки, насадки, держатели;Milwaukee;4932480444;4932480444;;47,91;BYN;Опт. Цены с НДС. Товары в наличии 1 шт, точное количество уточняйте. Цена действительна в день заказа. Доставка только в будние дни. Выходные дни в сроке заказа не учитываются.;Milwaukee;"ООО ""АйТи Дистрибуция"". Минский район, Боровлянский сельсовет, 103/3-7;";"ЧП ""МобиЛАБ СЦ"". г. Минск, ул. Толбухина, 2А";12;2;4;Да;;Нет;;Нет;0;Нет;Нет
4647443;Биты, головки, насадки, держатели;Milwaukee;4932480446;4932480446;;45,39;BYN;Опт. Цены с НДС. Товары в наличии 1 шт, точное количество уточняйте. Цена действительна в день заказа. Доставка только в будние дни. Выходные дни в сроке заказа не учитываются.;Milwaukee;"ООО ""АйТи Дистрибуция"". Минский район, Боровлянский сельсовет, 103/3-7;";"ЧП ""МобиЛАБ СЦ"". г. Минск, ул. Толбухина, 2А";12;2;4;Да;;Нет;;Нет;0;Нет;Нет
4667524;Болты, винты, шпильки;Fischer;AG M10x25 79697 (100 шт);79697;;255,14;BYN;Опт. Цены с НДС. Товары в наличии 1 шт, точное количество уточняйте. Цена действительна в день заказа. Доставка только в будние дни. Выходные дни в сроке заказа не учитываются.;Fischer;"ООО ""АйТи Дистрибуция"". Минский район, Боровлянский сельсовет, 103/3-7;";"ЧП ""МобиЛАБ СЦ"". г. Минск, ул. Толбухина, 2А";12;2;4;Да;;Нет;;Нет;0;Нет;Нет
4746664;Видеодомофоны, контроллеры доступа и аксессуары;Dahua;DHI-ASA1222EL-S;DHI-ASA1222EL-S;;199,84;BYN;Опт. Цены с НДС. Товары в наличии 1 шт, точное количество уточняйте. Цена действительна в день заказа. Доставка только в будние дни. Выходные дни в сроке заказа не учитываются.;Жейанг Дахуа Технолоджи Ко. ЛТД. № 1199, ОГРН Сиань-Роуд, район Биньцзян Ханчжоу;"ООО ""АйТи Дистрибуция"". Минский район, Боровлянский сельсовет, 103/3-7;";"ЧП ""МобиЛАБ СЦ"". г. Минск, ул. Толбухина, 2А";12;2;4;Да;;Нет;;Нет;0;Нет;Нет
4510052;Видеодомофоны, контроллеры доступа и аксессуары;Dahua;DHI-ASA3223A-W;DHI-ASA3223A-W;;349,05;BYN;Опт. Цены с НДС. Товары в наличии 1 шт, точное количество уточняйте. Цена действительна в день заказа. Доставка только в будние дни. Выходные дни в сроке заказа не учитываются.;Жейанг Дахуа Технолоджи Ко. ЛТД. № 1199, ОГРН Сиань-Роуд, район Биньцзян Ханчжоу;"ООО ""АйТи Дистрибуция"". Минский район, Боровлянский сельсовет, 103/3-7;";"ЧП ""МобиЛАБ СЦ"". г. Минск, ул. Толбухина, 2А";12;2;4;Да;;Нет;;Нет;0;Нет;Нет
5013028;Видеодомофоны, контроллеры доступа и аксессуары;Dahua;DHI-ASI7213K-W;DHI-ASI7213K-W, 6923172579126;;1649,39;BYN;Опт. Цены с НДС. Товары в наличии 1 шт, точное количество уточняйте. Цена действительна в день заказа. Доставка только в будние дни. Выходные дни в сроке заказа не учитываются.;Жейанг Дахуа Технолоджи Ко. ЛТД. № 1199, ОГРН Сиань-Роуд, район Биньцзян Ханчжоу;"ООО ""АйТи Дистрибуция"". Минский район, Боровлянский сельсовет, 103/3-7;";"ЧП ""МобиЛАБ СЦ"". г. Минск, ул. Толбухина, 2А";12;2;4;Да;;Нет;;Нет;0;Нет;Нет
4128322;Видеодомофоны, контроллеры доступа и аксессуары;Dahua;DHI-VTM125 металлическая рамка для 2-х модулей;DHI-VTM125;;115,51;BYN;Опт. Цены с НДС. Товары в наличии 1 шт, точное количество уточняйте. Цена действительна в день заказа. Доставка только в будние дни. Выходные дни в сроке заказа не учитываются.;Жейанг Дахуа Технолоджи Ко. ЛТД. № 1199, ОГРН Сиань-Роуд, район Биньцзян Ханчжоу;"ООО ""АйТи Дистрибуция"". Минский район, Боровлянский сельсовет, 103/3-7;";"ЧП ""МобиЛАБ СЦ"". г. Минск, ул. Толбухина, 2А";12;2;4;Да;;Нет;;Нет;0;Нет;Нет
4128325;Видеодомофоны, контроллеры доступа и аксессуары;Dahua;DHI-VTM126 металлическая рамка для 3-х модулей;DHI-VTM126;;182,11;BYN;Опт. Цены с НДС. Товары в наличии 1 шт, точное количество уточняйте. Цена действительна в день заказа. Доставка только в будние дни. Выходные дни в сроке заказа не учитываются.;Жейанг Дахуа Технолоджи Ко. ЛТД. № 1199, ОГРН Сиань-Роуд, район Биньцзян Ханчжоу;"ООО ""АйТи Дистрибуция"". Минский район, Боровлянский сельсовет, 103/3-7;";"ЧП ""МобиЛАБ СЦ"". г. Минск, ул. Толбухина, 2А";12;2;4;Да;;Нет;;Нет;0;Нет;Нет
4128321;Видеодомофоны, контроллеры доступа и аксессуары;Dahua;DHI-VTM127 монтажная коробка для 2-х модулей;DHI-VTM127;;102,15;BYN;Опт. Цены с НДС. Товары в наличии 1 шт, точное количество уточняйте. Цена действительна в день заказа. Доставка только в будние дни. Выходные дни в сроке заказа не учитываются.;Жейанг Дахуа Технолоджи Ко. ЛТД. № 1199, ОГРН Сиань-Роуд, район Биньцзян Ханчжоу;"ООО ""АйТи Дистрибуция"". Минский район, Боровлянский сельсовет, 103/3-7;";"ЧП ""МобиЛАБ СЦ"". г. Минск, ул. Толбухина, 2А";12;2;4;Да;;Нет;;Нет;0;Нет;Нет
4128337;Видеодомофоны, контроллеры доступа и аксессуары;Dahua;DHI-VTM57 набор (корпус, козырек, кнопки);DHI-VTM57;;62,34;BYN;Опт. Цены с НДС. Товары в наличии 1 шт, точное количество уточняйте. Цена действительна в день заказа. Доставка только в будние дни. Выходные дни в сроке заказа не учитываются.;Жейанг Дахуа Технолоджи Ко. ЛТД. № 1199, ОГРН Сиань-Роуд, район Биньцзян Ханчжоу;"ООО ""АйТи Дистрибуция"". Минский район, Боровлянский сельсовет, 103/3-7;";"ЧП ""МобиЛАБ СЦ"". г. Минск, ул. Толбухина, 2А";12;2;4;Да;;Нет;;Нет;0;Нет;Нет
4128290;Видеодомофоны, контроллеры доступа и аксессуары;Dahua;DHI-VTM58 набор (корпус, козырек, кнопки);DHI-VTM58;;62,34;BYN;Опт. Цены с НДС. Товары в наличии 1 шт, точное количество уточняйте. Цена действительна в день заказа. Доставка только в будние дни. Выходные дни в сроке заказа не учитываются.;Жейанг Дахуа Технолоджи Ко. ЛТД. № 1199, ОГРН Сиань-Роуд, район Биньцзян Ханчжоу;"ООО ""АйТи Дистрибуция"". Минский район, Боровлянский сельсовет, 103/3-7;";"ЧП ""МобиЛАБ СЦ"". г. Минск, ул. Толбухина, 2А";12;2;4;Да;;Нет;;Нет;0;Нет;Нет
4123761;Видеодомофоны, контроллеры доступа и аксессуары;Dahua;DHI-VTO4202F-MN заглушка;DHI-VTO4202F-MN;;55,25;BYN;Опт. Цены с НДС. Товары в наличии 1 шт, точное количество уточняйте. Цена действительна в день заказа. Доставка только в будние дни. Выходные дни в сроке заказа не учитываются.;Жейанг Дахуа Технолоджи Ко. ЛТД. № 1199, ОГРН Сиань-Роуд, район Биньцзян Ханчжоу;"ООО ""АйТи Дистрибуция"". Минский район, Боровлянский сельсовет, 103/3-7;";"ЧП ""МобиЛАБ СЦ"". г. Минск, ул. Толбухина, 2А";12;2;4;Да;;Нет;;Нет;0;Нет;Нет
5013030;Видеодомофоны, контроллеры доступа и аксессуары;Dahua;DHI-VTO7631Q;DHI-VTO7631Q;;1209,83;BYN;Опт. Цены с НДС. Товары в наличии 1 шт, точное количество уточняйте. Цена действительна в день заказа. Доставка только в будние дни. Выходные дни в сроке заказа не учитываются.;Жейанг Дахуа Технолоджи Ко. ЛТД. № 1199, ОГРН Сиань-Роуд, район Биньцзян Ханчжоу;"ООО ""АйТи Дистрибуция"". Минский район, Боровлянский сельсовет, 103/3-7;";"ЧП ""МобиЛАБ СЦ"". г. Минск, ул. Толбухина, 2А";12;2;4;Да;;Нет;;Нет;0;Нет;Нет
4128338;Видеодомофоны, контроллеры доступа и аксессуары;Dahua;DHI-VTOF003 металлическая рамка для 3-х модулей;DHI-VTOF003;;44,36;BYN;Опт. Цены с НДС. Товары в наличии 1 шт, точное количество уточняйте. Цена действительна в день заказа. Доставка только в будние дни. Выходные дни в сроке заказа не учитываются.;Жейанг Дахуа Технолоджи Ко. ЛТД. № 1199, ОГРН Сиань-Роуд, район Биньцзян Ханчжоу;"ООО ""АйТи Дистрибуция"". Минский район, Боровлянский сельсовет, 103/3-7;";"ЧП ""МобиЛАБ СЦ"". г. Минск, ул. Толбухина, 2А";12;2;4;Да;;Нет;;Нет;0;Нет;Нет
4123072;Видеодомофоны, контроллеры доступа и аксессуары;Dahua;VTM05R бокс для вызывной панели для VTO2202F;VTM05R;;68,75;BYN;Опт. Цены с НДС. Товары в наличии 1 шт, точное количество уточняйте. Цена действительна в день заказа. Доставка только в будние дни. Выходные дни в сроке заказа не учитываются.;Жейанг Дахуа Технолоджи Ко. ЛТД. № 1199, ОГРН Сиань-Роуд, район Биньцзян Ханчжоу;"ООО ""АйТи Дистрибуция"". Минский район, Боровлянский сельсовет, 103/3-7;";"ЧП ""МобиЛАБ СЦ"". г. Минск, ул. Толбухина, 2А";12;2;4;Да;;Нет;;Нет;0;Нет;Нет
4123051;Видеодомофоны, контроллеры доступа и аксессуары;Dahua;VTM128 бокс для 3-х модулей VTO4202F-X серии;DHI-VTM128;;147,38;BYN;Опт. Цены с НДС. Товары в наличии 1 шт, точное количество уточняйте. Цена действительна в день заказа. Доставка только в будние дни. Выходные дни в сроке заказа не учитываются.;Жейанг Дахуа Технолоджи Ко. ЛТД. № 1199, ОГРН Сиань-Роуд, район Биньцзян Ханчжоу;"ООО ""АйТи Дистрибуция"". Минский район, Боровлянский сельсовет, 103/3-7;";"ЧП ""МобиЛАБ СЦ"". г. Минск, ул. Толбухина, 2А";12;2;4;Да;;Нет;;Нет;0;Нет;Нет
4128291;Видеодомофоны, контроллеры доступа и аксессуары;Dahua;VTOB103 каркас;VTOB103;;68,75;BYN;Опт. Цены с НДС. Товары в наличии 1 шт, точное количество уточняйте. Цена действительна в день заказа. Доставка только в будние дни. Выходные дни в сроке заказа не учитываются.;Жейанг Дахуа Технолоджи Ко. ЛТД. № 1199, ОГРН Сиань-Роуд, район Биньцзян Ханчжоу;"ООО ""АйТи Дистрибуция"". Минский район, Боровлянский сельсовет, 103/3-7;";"ЧП ""МобиЛАБ СЦ"". г. Минск, ул. Толбухина, 2А";12;2;4;Да;;Нет;;Нет;0;Нет;Нет
4128295;Видеодомофоны, контроллеры доступа и аксессуары;Dahua;VTOB110 каркас;VTOB110;;61,92;BYN;Опт. Цены с НДС. Товары в наличии 1 шт, точное количество уточняйте. Цена действительна в день заказа. Доставка только в будние дни. Выходные дни в сроке заказа не учитываются.;Жейанг Дахуа Технолоджи Ко. ЛТД. № 1199, ОГРН Сиань-Роуд, район Биньцзян Ханчжоу;"ООО ""АйТи Дистрибуция"". Минский район, Боровлянский сельсовет, 103/3-7;";"ЧП ""МобиЛАБ СЦ"". г. Минск, ул. Толбухина, 2А";12;2;4;Да;;Нет;;Нет;0;Нет;Нет
4218519;Видеодомофоны, контроллеры доступа и аксессуары;Dahua;VTOB111-V2 бокс для вызывной панели для 2-х модулей;VTOB111-V2;;21,26;BYN;Опт. Цены с НДС. Товары в наличии 1 шт, точное количество уточняйте. Цена действительна в день заказа. Доставка только в будние дни. Выходные дни в сроке заказа не учитываются.;Жейанг Дахуа Технолоджи Ко. ЛТД. № 1199, ОГРН Сиань-Роуд, район Биньцзян Ханчжоу;"ООО ""АйТи Дистрибуция"". Минский район, Боровлянский сельсовет, 103/3-7;";"ЧП ""МобиЛАБ СЦ"". г. Минск, ул. Толбухина, 2А";12;2;4;Да;;Нет;;Нет;0;Нет;Нет
4128298;Видеодомофоны, контроллеры доступа и аксессуары;Dahua;VTOB114 бокс для вызывной панели для 3-х модулей;VTOB114;;34,48;BYN;Опт. Цены с НДС. Товары в наличии 1 шт, точное количество уточняйте. Цена действительна в день заказа. Доставка только в будние дни. Выходные дни в сроке заказа не учитываются.;Жейанг Дахуа Технолоджи Ко. ЛТД. № 1199, ОГРН Сиань-Роуд, район Биньцзян Ханчжоу;"ООО ""АйТи Дистрибуция"". Минский район, Боровлянский сельсовет, 103/3-7;";"ЧП ""МобиЛАБ СЦ"". г. Минск, ул. Толбухина, 2А";12;2;4;Да;;Нет;;Нет;0;Нет;Нет
4123042;Видеодомофоны, контроллеры доступа и аксессуары;Dahua;VTOF002 металлическая рамка для 2-х модулей Dahua;DHI-VTOF002;;37,41;BYN;Опт. Цены с НДС. Товары в наличии 1 шт, точное количество уточняйте. Цена действительна в день заказа. Доставка только в будние дни. Выходные дни в сроке заказа не учитываются.;Жейанг Дахуа Технолоджи Ко. ЛТД. № 1199, ОГРН Сиань-Роуд, район Биньцзян Ханчжоу;"ООО ""АйТи Дистрибуция"". Минский район, Боровлянский сельсовет, 103/3-7;";"ЧП ""МобиЛАБ СЦ"". г. Минск, ул. Толбухина, 2А";12;2;4;Да;;Нет;;Нет;0;Нет;Нет
5031049;Видеодомофоны, контроллеры доступа и аксессуары;Dahua;Монтажная коробка DH-VTM117;DH-VTM117;;30,46;BYN;Опт. Цены с НДС. Товары в наличии 1 шт, точное количество уточняйте. Цена действительна в день заказа. Доставка только в будние дни. Выходные дни в сроке заказа не учитываются.;Жейанг Дахуа Технолоджи Ко. ЛТД. № 1199, ОГРН Сиань-Роуд, район Биньцзян Ханчжоу;"ООО ""АйТи Дистрибуция"". Минский район, Боровлянский сельсовет, 103/3-7;";"ЧП ""МобиЛАБ СЦ"". г. Минск, ул. Толбухина, 2А";12;2;4;Да;;Нет;;Нет;0;Нет;Нет
3837111;Видеодомофоны, контроллеры доступа и аксессуары;Dahua;Рамка вызывной панели DHI-VTOF002-V2;DHI-VTOF002-V2;;36,85;BYN;Опт. Цены с НДС. Товары в наличии 1 шт, точное количество уточняйте. Цена действительна в день заказа. Доставка только в будние дни. Выходные дни в сроке заказа не учитываются.;Жейанг Дахуа Технолоджи Ко. ЛТД. № 1199, ОГРН Сиань-Роуд, район Биньцзян Ханчжоу;"ООО ""АйТи Дистрибуция"". Минский район, Боровлянский сельсовет, 103/3-7;";"ЧП ""МобиЛАБ СЦ"". г. Минск, ул. Толбухина, 2А";12;2;4;Да;;Нет;;Нет;0;Нет;Нет
3837115;Видеодомофоны, контроллеры доступа и аксессуары;Dahua;Рамка вызывной панели DHI-VTOF003-V2;DHI-VTOF003-V2;;48,76;BYN;Опт. Цены с НДС. Товары в наличии 1 шт, точное количество уточняйте. Цена действительна в день заказа. Доставка только в будние дни. Выходные дни в сроке заказа не учитываются.;Жейанг Дахуа Технолоджи Ко. ЛТД. № 1199, ОГРН Сиань-Роуд, район Биньцзян Ханчжоу;"ООО ""АйТи Дистрибуция"". Минский район, Боровлянский сельсовет, 103/3-7;";"ЧП ""МобиЛАБ СЦ"". г. Минск, ул. Толбухина, 2А";12;2;4;Да;;Нет;;Нет;0;Нет;Нет
4606535;Видеодомофоны, контроллеры доступа и аксессуары;Hikvision;DS-K2804;DS-K2804;;995,65;BYN;Опт. Цены с НДС. Товары в наличии 1 шт, точное количество уточняйте. Цена действительна в день заказа. Доставка только в будние дни. Выходные дни в сроке заказа не учитываются.;Hikvision;"ООО ""АйТи Дистрибуция"". Минский район, Боровлянский сельсовет, 103/3-7;";"ЧП ""МобиЛАБ СЦ"". г. Минск, ул. Толбухина, 2А";12;2;4;Да;;Нет;;Нет;0;Нет;Нет
4359380;Видеодомофоны, контроллеры доступа и аксессуары;HiWatch;ACT-B02;ACT-B02;;25,70;BYN;Опт. Цены с НДС. Товары в наличии 1 шт, точное количество уточняйте. Цена действительна в день заказа. Доставка только в будние дни. Выходные дни в сроке заказа не учитываются.;HiWatch;"ООО ""АйТи Дистрибуция"". Минский район, Боровлянский сельсовет, 103/3-7;";"ЧП ""МобиЛАБ СЦ"". г. Минск, ул. Толбухина, 2А";12;2;4;Да;;Нет;;Нет;0;Нет;Нет
4131350;Видеодомофоны, контроллеры доступа и аксессуары;Optimus;Mifare В0000012273;В0000012273;;12,69;BYN;Опт. Цены с НДС. Товары в наличии 1 шт, точное количество уточняйте. Цена действительна в день заказа. Доставка только в будние дни. Выходные дни в сроке заказа не учитываются.;Optimus;"ООО ""АйТи Дистрибуция"". Минский район, Боровлянский сельсовет, 103/3-7;";"ЧП ""МобиЛАБ СЦ"". г. Минск, ул. Толбухина, 2А";12;2;4;Да;;Нет;;Нет;0;Нет;Нет
4157541;Видеодомофоны, контроллеры доступа и аксессуары;Optimus;RC-200;В0000005530;;8,46;BYN;Опт. Цены с НДС. Товары в наличии 1 шт, точное количество уточняйте. Цена действительна в день заказа. Доставка только в будние дни. Выходные дни в сроке заказа не учитываются.;Optimus;"ООО ""АйТи Дистрибуция"". Минский район, Боровлянский сельсовет, 103/3-7;";"ЧП ""МобиЛАБ СЦ"". г. Минск, ул. Толбухина, 2А";12;2;4;Да;;Нет;;Нет;0;Нет;Нет
4458092;Видеодомофоны, контроллеры доступа и аксессуары;Optimus;Выход NO V.1 (серебристый);В0000015722;;67,02;BYN;Опт. Цены с НДС. Товары в наличии 1 шт, точное количество уточняйте. Цена действительна в день заказа. Доставка только в будние дни. Выходные дни в сроке заказа не учитываются.;Optimus;"ООО ""АйТи Дистрибуция"". Минский район, Боровлянский сельсовет, 103/3-7;";"ЧП ""МобиЛАБ СЦ"". г. Минск, ул. Толбухина, 2А";12;2;4;Да;;Нет;;Нет;0;Нет;Нет
5169280;Видеодомофоны, контроллеры доступа и аксессуары;Optimus;Выход NO/NC V.2 (пластик, белый);В0000018006;;8,46;BYN;Опт. Цены с НДС. Товары в наличии 1 шт, точное количество уточняйте. Цена действительна в день заказа. Доставка только в будние дни. Выходные дни в сроке заказа не учитываются.;Optimus;"ООО ""АйТи Дистрибуция"". Минский район, Боровлянский сельсовет, 103/3-7;";"ЧП ""МобиЛАБ СЦ"". г. Минск, ул. Толбухина, 2А";12;2;4;Да;;Нет;;Нет;0;Нет;Нет
4381103;Видеодомофоны, контроллеры доступа и аксессуары;Uniview;OET-213H;OET-213H;;1618,33;BYN;Опт. Цены с НДС. Товары в наличии 1 шт, точное количество уточняйте. Цена действительна в день заказа. Доставка только в будние дни. Выходные дни в сроке заказа не учитываются.;Uniview;"ООО ""АйТи Дистрибуция"". Минский район, Боровлянский сельсовет, 103/3-7;";"ЧП ""МобиЛАБ СЦ"". г. Минск, ул. Толбухина, 2А";12;2;4;Да;;Нет;;Нет;0;Нет;Нет
4019233;Видеодомофоны, контроллеры доступа и аксессуары;ZKTeco;EB1;EB1;;14,10;BYN;Опт. Цены с НДС. Товары в наличии 1 шт, точное количество уточняйте. Цена действительна в день заказа. Доставка только в будние дни. Выходные дни в сроке заказа не учитываются.;ZKTeco;"ООО ""АйТи Дистрибуция"". Минский район, Боровлянский сельсовет, 103/3-7;";"ЧП ""МобиЛАБ СЦ"". г. Минск, ул. Толбухина, 2А";12;2;4;Да;;Нет;;Нет;0;Нет;Нет
4215647;Видеодомофоны, контроллеры доступа и аксессуары;ZKTeco;EB102;EB102;;59,94;BYN;Опт. Цены с НДС. Товары в наличии 1 шт, точное количество уточняйте. Цена действительна в день заказа. Доставка только в будние дни. Выходные дни в сроке заказа не учитываются.;ZKTeco;"ООО ""АйТи Дистрибуция"". Минский район, Боровлянский сельсовет, 103/3-7;";"ЧП ""МобиЛАБ СЦ"". г. Минск, ул. Толбухина, 2А";12;2;4;Да;;Нет;;Нет;0;Нет;Нет
4019159;Видеодомофоны, контроллеры доступа и аксессуары;ZKTeco;EB2;EB2;;63,46;BYN;Опт. Цены с НДС. Товары в наличии 1 шт, точное количество уточняйте. Цена действительна в день заказа. Доставка только в будние дни. Выходные дни в сроке заказа не учитываются.;ZKTeco;"ООО ""АйТи Дистрибуция"". Минский район, Боровлянский сельсовет, 103/3-7;";"ЧП ""МобиЛАБ СЦ"". г. Минск, ул. Толбухина, 2А";12;2;4;Да;;Нет;;Нет;0;Нет;Нет
4019639;Видеодомофоны, контроллеры доступа и аксессуары;ZKTeco;EB3;EB3;;63,46;BYN;Опт. Цены с НДС. Товары в наличии 1 шт, точное количество уточняйте. Цена действительна в день заказа. Доставка только в будние дни. Выходные дни в сроке заказа не учитываются.;ZKTeco;"ООО ""АйТи Дистрибуция"". Минский район, Боровлянский сельсовет, 103/3-7;";"ЧП ""МобиЛАБ СЦ"". г. Минск, ул. Толбухина, 2А";12;2;4;Да;;Нет;;Нет;0;Нет;Нет
4215654;Видеодомофоны, контроллеры доступа и аксессуары;ZKTeco;EX-801A;EX-801A;;26,44;BYN;Опт. Цены с НДС. Товары в наличии 1 шт, точное количество уточняйте. Цена действительна в день заказа. Доставка только в будние дни. Выходные дни в сроке заказа не учитываются.;ZKTeco;"ООО ""АйТи Дистрибуция"". Минский район, Боровлянский сельсовет, 103/3-7;";"ЧП ""МобиЛАБ СЦ"". г. Минск, ул. Толбухина, 2А";12;2;4;Да;;Нет;;Нет;0;Нет;Нет
4215655;Видеодомофоны, контроллеры доступа и аксессуары;ZKTeco;EX-801B;EX-801B;;26,44;BYN;Опт. Цены с НДС. Товары в наличии 1 шт, точное количество уточняйте. Цена действительна в день заказа. Доставка только в будние дни. Выходные дни в сроке заказа не учитываются.;ZKTeco;"ООО ""АйТи Дистрибуция"". Минский район, Боровлянский сельсовет, 103/3-7;";"ЧП ""МобиЛАБ СЦ"". г. Минск, ул. Толбухина, 2А";12;2;4;Да;;Нет;;Нет;0;Нет;Нет
4019349;Видеодомофоны, контроллеры доступа и аксессуары;ZKTeco;EX-802;EX-802;;14,10;BYN;Опт. Цены с НДС. Товары в наличии 1 шт, точное количество уточняйте. Цена действительна в день заказа. Доставка только в будние дни. Выходные дни в сроке заказа не учитываются.;ZKTeco;"ООО ""АйТи Дистрибуция"". Минский район, Боровлянский сельсовет, 103/3-7;";"ЧП ""МобиЛАБ СЦ"". г. Минск, ул. Толбухина, 2А";12;2;4;Да;;Нет;;Нет;0;Нет;Нет
4019635;Видеодомофоны, контроллеры доступа и аксессуары;ZKTeco;EX-803A;EX-803A;;38,78;BYN;Опт. Цены с НДС. Товары в наличии 1 шт, точное количество уточняйте. Цена действительна в день заказа. Доставка только в будние дни. Выходные дни в сроке заказа не учитываются.;ZKTeco;"ООО ""АйТи Дистрибуция"". Минский район, Боровлянский сельсовет, 103/3-7;";"ЧП ""МобиЛАБ СЦ"". г. Минск, ул. Толбухина, 2А";12;2;4;Да;;Нет;;Нет;0;Нет;Нет
4019657;Видеодомофоны, контроллеры доступа и аксессуары;ZKTeco;EX803L;EX803L;;31,73;BYN;Опт. Цены с НДС. Товары в наличии 1 шт, точное количество уточняйте. Цена действительна в день заказа. Доставка только в будние дни. Выходные дни в сроке заказа не учитываются.;ZKTeco;"ООО ""АйТи Дистрибуция"". Минский район, Боровлянский сельсовет, 103/3-7;";"ЧП ""МобиЛАБ СЦ"". г. Минск, ул. Толбухина, 2А";12;2;4;Да;;Нет;;Нет;0;Нет;Нет
4217789;Видеодомофоны, контроллеры доступа и аксессуары;ZKTeco;IC Thin Card;;;1,41;BYN;Опт. Цены с НДС. Товары в наличии 1 шт, точное количество уточняйте. Цена действительна в день заказа. Доставка только в будние дни. Выходные дни в сроке заказа не учитываются.;ZKTeco;"ООО ""АйТи Дистрибуция"". Минский район, Боровлянский сельсовет, 103/3-7;";"ЧП ""МобиЛАБ СЦ"". г. Минск, ул. Толбухина, 2А";12;2;4;Да;;Нет;;Нет;0;Нет;Нет
4215997;Видеодомофоны, контроллеры доступа и аксессуары;ZKTeco;iclock1000-G;iclock1000-G;;758,04;BYN;Опт. Цены с НДС. Товары в наличии 1 шт, точное количество уточняйте. Цена действительна в день заказа. Доставка только в будние дни. Выходные дни в сроке заказа не учитываются.;ZKTeco;"ООО ""АйТи Дистрибуция"". Минский район, Боровлянский сельсовет, 103/3-7;";"ЧП ""МобиЛАБ СЦ"". г. Минск, ул. Толбухина, 2А";12;2;4;Да;;Нет;;Нет;0;Нет;Нет
4250479;Видеодомофоны, контроллеры доступа и аксессуары;ZKTeco;ID TAG-03 (синий);;;1,41;BYN;Опт. Цены с НДС. Товары в наличии 1 шт, точное количество уточняйте. Цена действительна в день заказа. Доставка только в будние дни. Выходные дни в сроке заказа не учитываются.;ZKTeco;"ООО ""АйТи Дистрибуция"". Минский район, Боровлянский сельсовет, 103/3-7;";"ЧП ""МобиЛАБ СЦ"". г. Минск, ул. Толбухина, 2А";12;2;4;Да;;Нет;;Нет;0;Нет;Нет
4217791;Видеодомофоны, контроллеры доступа и аксессуары;ZKTeco;ID Thick Card;;;1,41;BYN;Опт. Цены с НДС. Товары в наличии 1 шт, точное количество уточняйте. Цена действительна в день заказа. Доставка только в будние дни. Выходные дни в сроке заказа не учитываются.;ZKTeco;"ООО ""АйТи Дистрибуция"". Минский район, Боровлянский сельсовет, 103/3-7;";"ЧП ""МобиЛАБ СЦ"". г. Минск, ул. Толбухина, 2А";12;2;4;Да;;Нет;;Нет;0;Нет;Нет
4217795;Видеодомофоны, контроллеры доступа и аксессуары;ZKTeco;ID Thin Card;;;1,41;BYN;Опт. Цены с НДС. Товары в наличии 1 шт, точное количество уточняйте. Цена действительна в день заказа. Доставка только в будние дни. Выходные дни в сроке заказа не учитываются.;ZKTeco;"ООО ""АйТи Дистрибуция"". Минский район, Боровлянский сельсовет, 103/3-7;";"ЧП ""МобиЛАБ СЦ"". г. Минск, ул. Толбухина, 2А";12;2;4;Да;;Нет;;Нет;0;Нет;Нет
4216005;Видеодомофоны, контроллеры доступа и аксессуары;ZKTeco;MK-V[IC];MK-V[IC];;211,55;BYN;Опт. Цены с НДС. Товары в наличии 1 шт, точное количество уточняйте. Цена действительна в день заказа. Доставка только в будние дни. Выходные дни в сроке заказа не учитываются.;ZKTeco;"ООО ""АйТи Дистрибуция"". Минский район, Боровлянский сельсовет, 103/3-7;";"ЧП ""МобиЛАБ СЦ"". г. Минск, ул. Толбухина, 2А";12;2;4;Да;;Нет;;Нет;0;Нет;Нет
4216017;Видеодомофоны, контроллеры доступа и аксессуары;ZKTeco;MK-V[ID];MK-V[ID];;190,39;BYN;Опт. Цены с НДС. Товары в наличии 1 шт, точное количество уточняйте. Цена действительна в день заказа. Доставка только в будние дни. Выходные дни в сроке заказа не учитываются.;ZKTeco;"ООО ""АйТи Дистрибуция"". Минский район, Боровлянский сельсовет, 103/3-7;";"ЧП ""МобиЛАБ СЦ"". г. Минск, ул. Толбухина, 2А";12;2;4;Да;;Нет;;Нет;0;Нет;Нет
4216020;Видеодомофоны, контроллеры доступа и аксессуары;ZKTeco;ProFace X [CH];ProFace X CH;;5288,67;BYN;Опт. Цены с НДС. Товары в наличии 1 шт, точное количество уточняйте. Цена действительна в день заказа. Доставка только в будние дни. Выходные дни в сроке заказа не учитываются.;ZKTeco;"ООО ""АйТи Дистрибуция"". Минский район, Боровлянский сельсовет, 103/3-7;";"ЧП ""МобиЛАБ СЦ"". г. Минск, ул. Толбухина, 2А";12;2;4;Да;;Нет;;Нет;0;Нет;Нет
4216033;Видеодомофоны, контроллеры доступа и аксессуары;ZKTeco;ProFace X [MF];ProFace X MF;;4936,09;BYN;Опт. Цены с НДС. Товары в наличии 1 шт, точное количество уточняйте. Цена действительна в день заказа. Доставка только в будние дни. Выходные дни в сроке заказа не учитываются.;ZKTeco;"ООО ""АйТи Дистрибуция"". Минский район, Боровлянский сельсовет, 103/3-7;";"ЧП ""МобиЛАБ СЦ"". г. Минск, ул. Толбухина, 2А";12;2;4;Да;;Нет;;Нет;0;Нет;Нет
4216058;Видеодомофоны, контроллеры доступа и аксессуары;ZKTeco;SA40B;SA40B;;95,20;BYN;Опт. Цены с НДС. Товары в наличии 1 шт, точное количество уточняйте. Цена действительна в день заказа. Доставка только в будние дни. Выходные дни в сроке заказа не учитываются.;ZKTeco;"ООО ""АйТи Дистрибуция"". Минский район, Боровлянский сельсовет, 103/3-7;";"ЧП ""МобиЛАБ СЦ"". г. Минск, ул. Толбухина, 2А";12;2;4;Да;;Нет;;Нет;0;Нет;Нет
4725495;Видеодомофоны, контроллеры доступа и аксессуары;ZKTeco;SenseFace 7A [EM][Wi-Fi];SenseFace 7A EM Wi-Fi;;1886,78;BYN;Опт. Цены с НДС. Товары в наличии 1 шт, точное количество уточняйте. Цена действительна в день заказа. Доставка только в будние дни. Выходные дни в сроке заказа не учитываются.;ZKTeco;"ООО ""АйТи Дистрибуция"". Минский район, Боровлянский сельсовет, 103/3-7;";"ЧП ""МобиЛАБ СЦ"". г. Минск, ул. Толбухина, 2А";12;2;4;Да;;Нет;;Нет;0;Нет;Нет
4216066;Видеодомофоны, контроллеры доступа и аксессуары;ZKTeco;SKW-H[IC];SKW-HIC;;323,27;BYN;Опт. Цены с НДС. Товары в наличии 1 шт, точное количество уточняйте. Цена действительна в день заказа. Доставка только в будние дни. Выходные дни в сроке заказа не учитываются.;ZKTeco;"ООО ""АйТи Дистрибуция"". Минский район, Боровлянский сельсовет, 103/3-7;";"ЧП ""МобиЛАБ СЦ"". г. Минск, ул. Толбухина, 2А";12;2;4;Да;;Нет;;Нет;0;Нет;Нет
4216070;Видеодомофоны, контроллеры доступа и аксессуары;ZKTeco;SKW-H[ID];SKW-HID;;303,31;BYN;Опт. Цены с НДС. Товары в наличии 1 шт, точное количество уточняйте. Цена действительна в день заказа. Доставка только в будние дни. Выходные дни в сроке заказа не учитываются.;ZKTeco;"ООО ""АйТи Дистрибуция"". Минский район, Боровлянский сельсовет, 103/3-7;";"ЧП ""МобиЛАБ СЦ"". г. Минск, ул. Толбухина, 2А";12;2;4;Да;;Нет;;Нет;0;Нет;Нет
4216179;Видеодомофоны, контроллеры доступа и аксессуары;ZKTeco;SKW-V[IC];SKW-VIC;;303,31;BYN;Опт. Цены с НДС. Товары в наличии 1 шт, точное количество уточняйте. Цена действительна в день заказа. Доставка только в будние дни. Выходные дни в сроке заказа не учитываются.;ZKTeco;"ООО ""АйТи Дистрибуция"". Минский район, Боровлянский сельсовет, 103/3-7;";"ЧП ""МобиЛАБ СЦ"". г. Минск, ул. Толбухина, 2А";12;2;4;Да;;Нет;;Нет;0;Нет;Нет
4216191;Видеодомофоны, контроллеры доступа и аксессуары;ZKTeco;SKW-V[ID];SKW-VID;;284,16;BYN;Опт. Цены с НДС. Товары в наличии 1 шт, точное количество уточняйте. Цена действительна в день заказа. Доставка только в будние дни. Выходные дни в сроке заказа не учитываются.;ZKTeco;"ООО ""АйТи Дистрибуция"". Минский район, Боровлянский сельсовет, 103/3-7;";"ЧП ""МобиЛАБ СЦ"". г. Минск, ул. Толбухина, 2А";12;2;4;Да;;Нет;;Нет;0;Нет;Нет
4216046;Видеодомофоны, контроллеры доступа и аксессуары;ZKTeco;SpeedFace-V3L[RFID] MF;SpeedFace-V3LRFID;;916,70;BYN;Опт. Цены с НДС. Товары в наличии 1 шт, точное количество уточняйте. Цена действительна в день заказа. Доставка только в будние дни. Выходные дни в сроке заказа не учитываются.;ZKTeco;"ООО ""АйТи Дистрибуция"". Минский район, Боровлянский сельсовет, 103/3-7;";"ЧП ""МобиЛАБ СЦ"". г. Минск, ул. Толбухина, 2А";12;2;4;Да;;Нет;;Нет;0;Нет;Нет
4019165;Видеодомофоны, контроллеры доступа и аксессуары;ZKTeco;TLEB101;TLEB101;;56,41;BYN;Опт. Цены с НДС. Товары в наличии 1 шт, точное количество уточняйте. Цена действительна в день заказа. Доставка только в будние дни. Выходные дни в сроке заказа не учитываются.;ZKTeco;"ООО ""АйТи Дистрибуция"". Минский район, Боровлянский сельсовет, 103/3-7;";"ЧП ""МобиЛАБ СЦ"". г. Минск, ул. Толбухина, 2А";12;2;4;Да;;Нет;;Нет;0;Нет;Нет
4019238;Видеодомофоны, контроллеры доступа и аксессуары;ZKTeco;TLEB102;TLEB102;;63,46;BYN;Опт. Цены с НДС. Товары в наличии 1 шт, точное количество уточняйте. Цена действительна в день заказа. Доставка только в будние дни. Выходные дни в сроке заказа не учитываются.;ZKTeco;"ООО ""АйТи Дистрибуция"". Минский район, Боровлянский сельсовет, 103/3-7;";"ЧП ""МобиЛАБ СЦ"". г. Минск, ул. Толбухина, 2А";12;2;4;Да;;Нет;;Нет;0;Нет;Нет
4019158;Видеодомофоны, контроллеры доступа и аксессуары;ZKTeco;WL10;WL10;;317,32;BYN;Опт. Цены с НДС. Товары в наличии 1 шт, точное количество уточняйте. Цена действительна в день заказа. Доставка только в будние дни. Выходные дни в сроке заказа не учитываются.;ZKTeco;"ООО ""АйТи Дистрибуция"". Минский район, Боровлянский сельсовет, 103/3-7;";"ЧП ""МобиЛАБ СЦ"". г. Минск, ул. Толбухина, 2А";12;2;4;Да;;Нет;;Нет;0;Нет;Нет
4019353;Видеодомофоны, контроллеры доступа и аксессуары;ZKTeco;WL20 (черный);;;317,32;BYN;Опт. Цены с НДС. Товары в наличии 1 шт, точное количество уточняйте. Цена действительна в день заказа. Доставка только в будние дни. Выходные дни в сроке заказа не учитываются.;ZKTeco;"ООО ""АйТи Дистрибуция"". Минский район, Боровлянский сельсовет, 103/3-7;";"ЧП ""МобиЛАБ СЦ"". г. Минск, ул. Толбухина, 2А";12;2;4;Да;;Нет;;Нет;0;Нет;Нет
4019356;Видеодомофоны, контроллеры доступа и аксессуары;ZKTeco;WL30 (черный);;;317,32;BYN;Опт. Цены с НДС. Товары в наличии 1 шт, точное количество уточняйте. Цена действительна в день заказа. Доставка только в будние дни. Выходные дни в сроке заказа не учитываются.;ZKTeco;"ООО ""АйТи Дистрибуция"". Минский район, Боровлянский сельсовет, 103/3-7;";"ЧП ""МобиЛАБ СЦ"". г. Минск, ул. Толбухина, 2А";12;2;4;Да;;Нет;;Нет;0;Нет;Нет
4719875;Видеокарты;Palit;GeForce RTX 5090 GameRock NE75090019R5-GB2020G;NE75090019R5-GB2020G;;18450;BYN;Цена включает НДС. В наличии 5шт. Доставка только в будние дни. Выходные дни в сроке заказа не учитываются.;Палит Микросистемс ЛТД. Европейский Офис: Отто Бреннер-Ул. 5, 47877 Виллих, Германия;"ООО ""АйТи Дистрибуция"". Минский район, Боровлянский сельсовет, 103/3-7;
ООО ""КОМПЬЮТЕРЫ И ПЕРИФЕРИЯ"". г. Минск, 1-й Измайловский пер. 51/2";"""ООО """"КОМПЬЮТЕРЫ И ПЕРИФЕРИЯ"""". г. Минск, 1-й Измайловский пер. 51/2;
ЧП """"МобиЛАБ СЦ"""". г. Минск, ул. Толбухина, 2А""";12;2;4;да;;нет;;нет;0;нет;нет
5041662;Гвозди;DeWalt;DCN8901015;DCN8901015;;185,88;BYN;Опт. Цены с НДС. Товары в наличии 1 шт, точное количество уточняйте. Цена действительна в день заказа. Доставка только в будние дни. Выходные дни в сроке заказа не учитываются.;DeWalt;"ООО ""АйТи Дистрибуция"". Минский район, Боровлянский сельсовет, 103/3-7;";"ЧП ""МобиЛАБ СЦ"". г. Минск, ул. Толбухина, 2А";12;2;4;Да;;Нет;;Нет;0;Нет;Нет
5041665;Гвозди;DeWalt;DCN8902025;DCN8902025;;294,13;BYN;Опт. Цены с НДС. Товары в наличии 1 шт, точное количество уточняйте. Цена действительна в день заказа. Доставка только в будние дни. Выходные дни в сроке заказа не учитываются.;DeWalt;"ООО ""АйТи Дистрибуция"". Минский район, Боровлянский сельсовет, 103/3-7;";"ЧП ""МобиЛАБ СЦ"". г. Минск, ул. Толбухина, 2А";12;2;4;Да;;Нет;;Нет;0;Нет;Нет
5041666;Гвозди;DeWalt;DCN8903013;DCN8903013;;261,23;BYN;Опт. Цены с НДС. Товары в наличии 1 шт, точное количество уточняйте. Цена действительна в день заказа. Доставка только в будние дни. Выходные дни в сроке заказа не учитываются.;DeWalt;"ООО ""АйТи Дистрибуция"". Минский район, Боровлянский сельсовет, 103/3-7;";"ЧП ""МобиЛАБ СЦ"". г. Минск, ул. Толбухина, 2А";12;2;4;Да;;Нет;;Нет;0;Нет;Нет
5041667;Гвозди;DeWalt;DCN8903017;DCN8903017;;270,61;BYN;Опт. Цены с НДС. Товары в наличии 1 шт, точное количество уточняйте. Цена действительна в день заказа. Доставка только в будние дни. Выходные дни в сроке заказа не учитываются.;DeWalt;"ООО ""АйТи Дистрибуция"". Минский район, Боровлянский сельсовет, 103/3-7;";"ЧП ""МобиЛАБ СЦ"". г. Минск, ул. Толбухина, 2А";12;2;4;Да;;Нет;;Нет;0;Нет;Нет
5041669;Гвозди;DeWalt;DCN8903043;DCN8903043;;174,11;BYN;Опт. Цены с НДС. Товары в наличии 1 шт, точное количество уточняйте. Цена действительна в день заказа. Доставка только в будние дни. Выходные дни в сроке заказа не учитываются.;DeWalt;"ООО ""АйТи Дистрибуция"". Минский район, Боровлянский сельсовет, 103/3-7;";"ЧП ""МобиЛАБ СЦ"". г. Минск, ул. Толбухина, 2А";12;2;4;Да;;Нет;;Нет;0;Нет;Нет
5041670;Гвозди;DeWalt;DCN8903048;DCN8903048;;191,80;BYN;Опт. Цены с НДС. Товары в наличии 1 шт, точное количество уточняйте. Цена действительна в день заказа. Доставка только в будние дни. Выходные дни в сроке заказа не учитываются.;DeWalt;"ООО ""АйТи Дистрибуция"". Минский район, Боровлянский сельсовет, 103/3-7;";"ЧП ""МобиЛАБ СЦ"". г. Минск, ул. Толбухина, 2А";12;2;4;Да;;Нет;;Нет;0;Нет;Нет
4508713;Гвозди;Milwaukee;4932492551 (5000 шт);4932492551;;89,30;BYN;Опт. Цены с НДС. Товары в наличии 1 шт, точное количество уточняйте. Цена действительна в день заказа. Доставка только в будние дни. Выходные дни в сроке заказа не учитываются.;Milwaukee;"ООО ""АйТи Дистрибуция"". Минский район, Боровлянский сельсовет, 103/3-7;";"ЧП ""МобиЛАБ СЦ"". г. Минск, ул. Толбухина, 2А";12;2;4;Да;;Нет;;Нет;0;Нет;Нет
4508715;Гвозди;Milwaukee;4932492554 (5000 шт);4932492554;;112,04;BYN;Опт. Цены с НДС. Товары в наличии 1 шт, точное количество уточняйте. Цена действительна в день заказа. Доставка только в будние дни. Выходные дни в сроке заказа не учитываются.;Milwaukee;"ООО ""АйТи Дистрибуция"". Минский район, Боровлянский сельсовет, 103/3-7;";"ЧП ""МобиЛАБ СЦ"". г. Минск, ул. Толбухина, 2А";12;2;4;Да;;Нет;;Нет;0;Нет;Нет
4508716;Гвозди;Milwaukee;4932492555 (4000 шт);4932492555;;112,04;BYN;Опт. Цены с НДС. Товары в наличии 1 шт, точное количество уточняйте. Цена действительна в день заказа. Доставка только в будние дни. Выходные дни в сроке заказа не учитываются.;Milwaukee;"ООО ""АйТи Дистрибуция"". Минский район, Боровлянский сельсовет, 103/3-7;";"ЧП ""МобиЛАБ СЦ"". г. Минск, ул. Толбухина, 2А";12;2;4;Да;;Нет;;Нет;0;Нет;Нет
4508717;Гвозди;Milwaukee;4932492556 (4000 шт);4932492556;;122,03;BYN;Опт. Цены с НДС. Товары в наличии 1 шт, точное количество уточняйте. Цена действительна в день заказа. Доставка только в будние дни. Выходные дни в сроке заказа не учитываются.;Milwaukee;"ООО ""АйТи Дистрибуция"". Минский район, Боровлянский сельсовет, 103/3-7;";"ЧП ""МобиЛАБ СЦ"". г. Минск, ул. Толбухина, 2А";12;2;4;Да;;Нет;;Нет;0;Нет;Нет
4556098;Гвозди;Milwaukee;4932492576 (2500 шт);4932492576;;230,74;BYN;Опт. Цены с НДС. Товары в наличии 1 шт, точное количество уточняйте. Цена действительна в день заказа. Доставка только в будние дни. Выходные дни в сроке заказа не учитываются.;Milwaukee;"ООО ""АйТи Дистрибуция"". Минский район, Боровлянский сельсовет, 103/3-7;";"ЧП ""МобиЛАБ СЦ"". г. Минск, ул. Толбухина, 2А";12;2;4;Да;;Нет;;Нет;0;Нет;Нет
4556099;Гвозди;Milwaukee;4932492577 (2500 шт);4932492577;;252,93;BYN;Опт. Цены с НДС. Товары в наличии 1 шт, точное количество уточняйте. Цена действительна в день заказа. Доставка только в будние дни. Выходные дни в сроке заказа не учитываются.;Milwaukee;"ООО ""АйТи Дистрибуция"". Минский район, Боровлянский сельсовет, 103/3-7;";"ЧП ""МобиЛАБ СЦ"". г. Минск, ул. Толбухина, 2А";12;2;4;Да;;Нет;;Нет;0;Нет;Нет
4556101;Гвозди;Milwaukee;4932492578 (2500 шт);4932492578;;282,88;BYN;Опт. Цены с НДС. Товары в наличии 1 шт, точное количество уточняйте. Цена действительна в день заказа. Доставка только в будние дни. Выходные дни в сроке заказа не учитываются.;Milwaukee;"ООО ""АйТи Дистрибуция"". Минский район, Боровлянский сельсовет, 103/3-7;";"ЧП ""МобиЛАБ СЦ"". г. Минск, ул. Толбухина, 2А";12;2;4;Да;;Нет;;Нет;0;Нет;Нет
4556097;Гвозди;Milwaukee;4932492579 (2500 шт);4932492579;;546,91;BYN;Опт. Цены с НДС. Товары в наличии 1 шт, точное количество уточняйте. Цена действительна в день заказа. Доставка только в будние дни. Выходные дни в сроке заказа не учитываются.;Milwaukee;"ООО ""АйТи Дистрибуция"". Минский район, Боровлянский сельсовет, 103/3-7;";"ЧП ""МобиЛАБ СЦ"". г. Минск, ул. Толбухина, 2А";12;2;4;Да;;Нет;;Нет;0;Нет;Нет
4556100;Гвозди;Milwaukee;4932492580 (2500 шт);4932492580;;636,77;BYN;Опт. Цены с НДС. Товары в наличии 1 шт, точное количество уточняйте. Цена действительна в день заказа. Доставка только в будние дни. Выходные дни в сроке заказа не учитываются.;Milwaukee;"ООО ""АйТи Дистрибуция"". Минский район, Боровлянский сельсовет, 103/3-7;";"ЧП ""МобиЛАБ СЦ"". г. Минск, ул. Толбухина, 2А";12;2;4;Да;;Нет;;Нет;0;Нет;Нет
4556102;Гвозди;Milwaukee;4932492581 (2200 шт);4932492581;;656,74;BYN;Опт. Цены с НДС. Товары в наличии 1 шт, точное количество уточняйте. Цена действительна в день заказа. Доставка только в будние дни. Выходные дни в сроке заказа не учитываются.;Milwaukee;"ООО ""АйТи Дистрибуция"". Минский район, Боровлянский сельсовет, 103/3-7;";"ЧП ""МобиЛАБ СЦ"". г. Минск, ул. Толбухина, 2А";12;2;4;Да;;Нет;;Нет;0;Нет;Нет
4471130;Гвозди;Milwaukee;4932492583;4932492583, 4058546419509;;112,04;BYN;Опт. Цены с НДС. Товары в наличии 1 шт, точное количество уточняйте. Цена действительна в день заказа. Доставка только в будние дни. Выходные дни в сроке заказа не учитываются.;Milwaukee;"ООО ""АйТи Дистрибуция"". Минский район, Боровлянский сельсовет, 103/3-7;";"ЧП ""МобиЛАБ СЦ"". г. Минск, ул. Толбухина, 2А";12;2;4;Да;;Нет;;Нет;0;Нет;Нет
4471131;Гвозди;Milwaukee;4932492584;4932492584, 4058546419516;;122,03;BYN;Опт. Цены с НДС. Товары в наличии 1 шт, точное количество уточняйте. Цена действительна в день заказа. Доставка только в будние дни. Выходные дни в сроке заказа не учитываются.;Milwaukee;"ООО ""АйТи Дистрибуция"". Минский район, Боровлянский сельсовет, 103/3-7;";"ЧП ""МобиЛАБ СЦ"". г. Минск, ул. Толбухина, 2А";12;2;4;Да;;Нет;;Нет;0;Нет;Нет
4556103;Гвозди;Milwaukee;4932492585 (2000 шт);4932492585;;122,03;BYN;Опт. Цены с НДС. Товары в наличии 1 шт, точное количество уточняйте. Цена действительна в день заказа. Доставка только в будние дни. Выходные дни в сроке заказа не учитываются.;Milwaukee;"ООО ""АйТи Дистрибуция"". Минский район, Боровлянский сельсовет, 103/3-7;";"ЧП ""МобиЛАБ СЦ"". г. Минск, ул. Толбухина, 2А";12;2;4;Да;;Нет;;Нет;0;Нет;Нет
4508719;Гвозди;Milwaukee;4932492587 (2000 шт);4932492587;;345,01;BYN;Опт. Цены с НДС. Товары в наличии 1 шт, точное количество уточняйте. Цена действительна в день заказа. Доставка только в будние дни. Выходные дни в сроке заказа не учитываются.;Milwaukee;"ООО ""АйТи Дистрибуция"". Минский район, Боровлянский сельсовет, 103/3-7;";"ЧП ""МобиЛАБ СЦ"". г. Минск, ул. Толбухина, 2А";12;2;4;Да;;Нет;;Нет;0;Нет;Нет
4508721;Гвозди;Milwaukee;4932492588 (2000 шт);4932492588;;338,35;BYN;Опт. Цены с НДС. Товары в наличии 1 шт, точное количество уточняйте. Цена действительна в день заказа. Доставка только в будние дни. Выходные дни в сроке заказа не учитываются.;Milwaukee;"ООО ""АйТи Дистрибуция"". Минский район, Боровлянский сельсовет, 103/3-7;";"ЧП ""МобиЛАБ СЦ"". г. Минск, ул. Толбухина, 2А";12;2;4;Да;;Нет;;Нет;0;Нет;Нет
4508723;Гвозди;Milwaukee;4932492589 (1750 шт);4932492589;;361,65;BYN;Опт. Цены с НДС. Товары в наличии 1 шт, точное количество уточняйте. Цена действительна в день заказа. Доставка только в будние дни. Выходные дни в сроке заказа не учитываются.;Milwaukee;"ООО ""АйТи Дистрибуция"". Минский район, Боровлянский сельсовет, 103/3-7;";"ЧП ""МобиЛАБ СЦ"". г. Минск, ул. Толбухина, 2А";12;2;4;Да;;Нет;;Нет;0;Нет;Нет
4508718;Гвозди;Milwaukee;4932492591 (2000 шт);4932492591;;361,65;BYN;Опт. Цены с НДС. Товары в наличии 1 шт, точное количество уточняйте. Цена действительна в день заказа. Доставка только в будние дни. Выходные дни в сроке заказа не учитываются.;Milwaukee;"ООО ""АйТи Дистрибуция"". Минский район, Боровлянский сельсовет, 103/3-7;";"ЧП ""МобиЛАБ СЦ"". г. Минск, ул. Толбухина, 2А";12;2;4;Да;;Нет;;Нет;0;Нет;Нет
4508720;Гвозди;Milwaukee;4932492592 (1750 шт);4932492592;;354,99;BYN;Опт. Цены с НДС. Товары в наличии 1 шт, точное количество уточняйте. Цена действительна в день заказа. Доставка только в будние дни. Выходные дни в сроке заказа не учитываются.;Milwaukee;"ООО ""АйТи Дистрибуция"". Минский район, Боровлянский сельсовет, 103/3-7;";"ЧП ""МобиЛАБ СЦ"". г. Минск, ул. Толбухина, 2А";12;2;4;Да;;Нет;;Нет;0;Нет;Нет
4508722;Гвозди;Milwaukee;4932492593 (1750 шт);4932492593;;394,93;BYN;Опт. Цены с НДС. Товары в наличии 1 шт, точное количество уточняйте. Цена действительна в день заказа. Доставка только в будние дни. Выходные дни в сроке заказа не учитываются.;Milwaukee;"ООО ""АйТи Дистрибуция"". Минский район, Боровлянский сельсовет, 103/3-7;";"ЧП ""МобиЛАБ СЦ"". г. Минск, ул. Толбухина, 2А";12;2;4;Да;;Нет;;Нет;0;Нет;Нет
4508724;Гвозди;Milwaukee;4932492594 (1750 шт);4932492594;;427,10;BYN;Опт. Цены с НДС. Товары в наличии 1 шт, точное количество уточняйте. Цена действительна в день заказа. Доставка только в будние дни. Выходные дни в сроке заказа не учитываются.;Milwaukee;"ООО ""АйТи Дистрибуция"". Минский район, Боровлянский сельсовет, 103/3-7;";"ЧП ""МобиЛАБ СЦ"". г. Минск, ул. Толбухина, 2А";12;2;4;Да;;Нет;;Нет;0;Нет;Нет
4471134;Гвозди;Milwaukee;4932492595;4932492595, 4058546419622;;265,13;BYN;Опт. Цены с НДС. Товары в наличии 1 шт, точное количество уточняйте. Цена действительна в день заказа. Доставка только в будние дни. Выходные дни в сроке заказа не учитываются.;Milwaukee;"ООО ""АйТи Дистрибуция"". Минский район, Боровлянский сельсовет, 103/3-7;";"ЧП ""МобиЛАБ СЦ"". г. Минск, ул. Толбухина, 2А";12;2;4;Да;;Нет;;Нет;0;Нет;Нет
4508728;Гвозди;Milwaukee;4932492596 (2200 шт);4932492596;;302,85;BYN;Опт. Цены с НДС. Товары в наличии 1 шт, точное количество уточняйте. Цена действительна в день заказа. Доставка только в будние дни. Выходные дни в сроке заказа не учитываются.;Milwaukee;"ООО ""АйТи Дистрибуция"". Минский район, Боровлянский сельсовет, 103/3-7;";"ЧП ""МобиЛАБ СЦ"". г. Минск, ул. Толбухина, 2А";12;2;4;Да;;Нет;;Нет;0;Нет;Нет
4508733;Гвозди;Milwaukee;4932492597 (2200 шт);4932492597;;333,91;BYN;Опт. Цены с НДС. Товары в наличии 1 шт, точное количество уточняйте. Цена действительна в день заказа. Доставка только в будние дни. Выходные дни в сроке заказа не учитываются.;Milwaukee;"ООО ""АйТи Дистрибуция"". Минский район, Боровлянский сельсовет, 103/3-7;";"ЧП ""МобиЛАБ СЦ"". г. Минск, ул. Толбухина, 2А";12;2;4;Да;;Нет;;Нет;0;Нет;Нет
4508738;Гвозди;Milwaukee;4932492598 (2200 шт);4932492598;;439,30;BYN;Опт. Цены с НДС. Товары в наличии 1 шт, точное количество уточняйте. Цена действительна в день заказа. Доставка только в будние дни. Выходные дни в сроке заказа не учитываются.;Milwaukee;"ООО ""АйТи Дистрибуция"". Минский район, Боровлянский сельсовет, 103/3-7;";"ЧП ""МобиЛАБ СЦ"". г. Минск, ул. Толбухина, 2А";12;2;4;Да;;Нет;;Нет;0;Нет;Нет
4508727;Гвозди;Milwaukee;4932492600 (2200 шт);4932492600;;302,85;BYN;Опт. Цены с НДС. Товары в наличии 1 шт, точное количество уточняйте. Цена действительна в день заказа. Доставка только в будние дни. Выходные дни в сроке заказа не учитываются.;Milwaukee;"ООО ""АйТи Дистрибуция"". Минский район, Боровлянский сельсовет, 103/3-7;";"ЧП ""МобиЛАБ СЦ"". г. Минск, ул. Толбухина, 2А";12;2;4;Да;;Нет;;Нет;0;Нет;Нет
4508729;Гвозди;Milwaukee;4932492601 (2200 шт);4932492601;;346,12;BYN;Опт. Цены с НДС. Товары в наличии 1 шт, точное количество уточняйте. Цена действительна в день заказа. Доставка только в будние дни. Выходные дни в сроке заказа не учитываются.;Milwaukee;"ООО ""АйТи Дистрибуция"". Минский район, Боровлянский сельсовет, 103/3-7;";"ЧП ""МобиЛАБ СЦ"". г. Минск, ул. Толбухина, 2А";12;2;4;Да;;Нет;;Нет;0;Нет;Нет
4508732;Гвозди;Milwaukee;4932492602 (2200 шт);4932492602;;342,79;BYN;Опт. Цены с НДС. Товары в наличии 1 шт, точное количество уточняйте. Цена действительна в день заказа. Доставка только в будние дни. Выходные дни в сроке заказа не учитываются.;Milwaukee;"ООО ""АйТи Дистрибуция"". Минский район, Боровлянский сельсовет, 103/3-7;";"ЧП ""МобиЛАБ СЦ"". г. Минск, ул. Толбухина, 2А";12;2;4;Да;;Нет;;Нет;0;Нет;Нет
4508735;Гвозди;Milwaukee;4932492604 (2200 шт);4932492604;;457,05;BYN;Опт. Цены с НДС. Товары в наличии 1 шт, точное количество уточняйте. Цена действительна в день заказа. Доставка только в будние дни. Выходные дни в сроке заказа не учитываются.;Milwaukee;"ООО ""АйТи Дистрибуция"". Минский район, Боровлянский сельсовет, 103/3-7;";"ЧП ""МобиЛАБ СЦ"". г. Минск, ул. Толбухина, 2А";12;2;4;Да;;Нет;;Нет;0;Нет;Нет
4508737;Гвозди;Milwaukee;4932492605 (2200 шт);4932492605;;516,96;BYN;Опт. Цены с НДС. Товары в наличии 1 шт, точное количество уточняйте. Цена действительна в день заказа. Доставка только в будние дни. Выходные дни в сроке заказа не учитываются.;Milwaukee;"ООО ""АйТи Дистрибуция"". Минский район, Боровлянский сельсовет, 103/3-7;";"ЧП ""МобиЛАБ СЦ"". г. Минск, ул. Толбухина, 2А";12;2;4;Да;;Нет;;Нет;0;Нет;Нет
4556104;Гвозди;Milwaukee;4932492607 (2200 шт);4932492607;;389,38;BYN;Опт. Цены с НДС. Товары в наличии 1 шт, точное количество уточняйте. Цена действительна в день заказа. Доставка только в будние дни. Выходные дни в сроке заказа не учитываются.;Milwaukee;"ООО ""АйТи Дистрибуция"". Минский район, Боровлянский сельсовет, 103/3-7;";"ЧП ""МобиЛАБ СЦ"". г. Минск, ул. Толбухина, 2А";12;2;4;Да;;Нет;;Нет;0;Нет;Нет
4508731;Гвозди;Milwaukee;4932492610 (2200 шт);4932492610;;538,03;BYN;Опт. Цены с НДС. Товары в наличии 1 шт, точное количество уточняйте. Цена действительна в день заказа. Доставка только в будние дни. Выходные дни в сроке заказа не учитываются.;Milwaukee;"ООО ""АйТи Дистрибуция"". Минский район, Боровлянский сельсовет, 103/3-7;";"ЧП ""МобиЛАБ СЦ"". г. Минск, ул. Толбухина, 2А";12;2;4;Да;;Нет;;Нет;0;Нет;Нет
4471133;Гвозди;Milwaukee;4932492613;4932492613, 4058546419806;;490,33;BYN;Опт. Цены с НДС. Товары в наличии 1 шт, точное количество уточняйте. Цена действительна в день заказа. Доставка только в будние дни. Выходные дни в сроке заказа не учитываются.;Milwaukee;"ООО ""АйТи Дистрибуция"". Минский район, Боровлянский сельсовет, 103/3-7;";"ЧП ""МобиЛАБ СЦ"". г. Минск, ул. Толбухина, 2А";12;2;4;Да;;Нет;;Нет;0;Нет;Нет
4556105;Гвозди;Milwaukee;4932492614 (2200 шт);4932492614;;583,52;BYN;Опт. Цены с НДС. Товары в наличии 1 шт, точное количество уточняйте. Цена действительна в день заказа. Доставка только в будние дни. Выходные дни в сроке заказа не учитываются.;Milwaukee;"ООО ""АйТи Дистрибуция"". Минский район, Боровлянский сельсовет, 103/3-7;";"ЧП ""МобиЛАБ СЦ"". г. Минск, ул. Толбухина, 2А";12;2;4;Да;;Нет;;Нет;0;Нет;Нет
4954180;Генераторы;MaxPiler;MPG-3000A;MPG-3000A;;976,15;BYN;Опт. Цены с НДС. Товары в наличии 1 шт, точное количество уточняйте. Цена действительна в день заказа. Доставка только в будние дни. Выходные дни в сроке заказа не учитываются.;MaxPiler;"ООО ""АйТи Дистрибуция"". Минский район, Боровлянский сельсовет, 103/3-7;";"ЧП ""МобиЛАБ СЦ"". г. Минск, ул. Толбухина, 2А";12;2;4;Да;;Нет;;Нет;0;Нет;Нет
4528229;Генераторы;MaxPiler;MPG-6500CE;MPG-6500CE;;2850,42;BYN;Опт. Цены с НДС. Товары в наличии 1 шт, точное количество уточняйте. Цена действительна в день заказа. Доставка только в будние дни. Выходные дни в сроке заказа не учитываются.;MaxPiler;"ООО ""АйТи Дистрибуция"". Минский район, Боровлянский сельсовет, 103/3-7;";"ЧП ""МобиЛАБ СЦ"". г. Минск, ул. Толбухина, 2А";12;2;4;Да;;Нет;;Нет;0;Нет;Нет
5284355;Генераторы;Milwaukee;IRPSUOP2500 4933492133;4933492133, 4058546415006;;20281,15;BYN;Опт. Цены с НДС. Товары в наличии 1 шт, точное количество уточняйте. Цена действительна в день заказа. Доставка только в будние дни. Выходные дни в сроке заказа не учитываются.;Milwaukee;"ООО ""АйТи Дистрибуция"". Минский район, Боровлянский сельсовет, 103/3-7;";"ЧП ""МобиЛАБ СЦ"". г. Минск, ул. Толбухина, 2А";12;2;4;Да;;Нет;;Нет;0;Нет;Нет
4557228;Женские и мужские сумки;CaseM;17.3 LB-1001 (серый);LB-1001;;19;BYN;Цена включает НДС. В наличии 1шт. Доставка только в будние дни. Выходные дни в сроке заказа не учитываются.;Рекрам Лимитед Офис 4. 10/Ф, Кван Чарт Товер, №6 Тонночи Роад, Ванхай, Специальный административный регион Китая, Гонконг, Китай;"ООО ""Корпоративный стандарт"", Минский район, район д. Боровляны, ул. 40 лет Победы, 27, корпус 1, комната 37";"ООО ""Корпоративный стандарт"", Минский район, район д. Боровляны, ул. 40 лет Победы, 27, корпус 1, комната 37";1;2;4;да;;нет;;нет;0;нет;нет
4569249;Запчасти для электроинструмента;Milwaukee;48530141;48530141, 045242216529;;544,16;BYN;Опт. Цены с НДС. Товары в наличии 1 шт, точное количество уточняйте. Цена действительна в день заказа. Доставка только в будние дни. Выходные дни в сроке заказа не учитываются.;Milwaukee;"ООО ""АйТи Дистрибуция"". Минский район, Боровлянский сельсовет, 103/3-7;";"ЧП ""МобиЛАБ СЦ"". г. Минск, ул. Толбухина, 2А";12;2;4;Да;;Нет;;Нет;0;Нет;Нет
4958470;Кабели, адаптеры, разветвители;Aten;VE3912T-AT-G;VE3912T-AT-G;;3182,16;BYN;Опт. Цены с НДС. Товары в наличии 1 шт, точное количество уточняйте. Цена действительна в день заказа. Доставка только в будние дни. Выходные дни в сроке заказа не учитываются.;Aten;"ООО ""АйТи Дистрибуция"". Минский район, Боровлянский сельсовет, 103/3-7;";"ЧП ""МобиЛАБ СЦ"". г. Минск, ул. Толбухина, 2А";12;2;4;Да;;Нет;;Нет;0;Нет;Нет
4756001;Кабели, адаптеры, разветвители;Aten;VE802R-AT-G;VE802R-AT-G;;1060,72;BYN;Опт. Цены с НДС. Товары в наличии 1 шт, точное количество уточняйте. Цена действительна в день заказа. Доставка только в будние дни. Выходные дни в сроке заказа не учитываются.;Aten;"ООО ""АйТи Дистрибуция"". Минский район, Боровлянский сельсовет, 103/3-7;";"ЧП ""МобиЛАБ СЦ"". г. Минск, ул. Толбухина, 2А";12;2;4;Да;;Нет;;Нет;0;Нет;Нет
4756003;Кабели, адаптеры, разветвители;Aten;VE814AR-ATA-G;VE814AR-ATA-G;;1612,30;BYN;Опт. Цены с НДС. Товары в наличии 1 шт, точное количество уточняйте. Цена действительна в день заказа. Доставка только в будние дни. Выходные дни в сроке заказа не учитываются.;Aten;"ООО ""АйТи Дистрибуция"". Минский район, Боровлянский сельсовет, 103/3-7;";"ЧП ""МобиЛАБ СЦ"". г. Минск, ул. Толбухина, 2А";12;2;4;Да;;Нет;;Нет;0;Нет;Нет
5335027;Кабели, адаптеры, разветвители;Dahua;DH-LR1002;DH-LR1002;;2237,55;BYN;Опт. Цены с НДС. Товары в наличии 1 шт, точное количество уточняйте. Цена действительна в день заказа. Доставка только в будние дни. Выходные дни в сроке заказа не учитываются.;Жейанг Дахуа Технолоджи Ко. ЛТД. № 1199, ОГРН Сиань-Роуд, район Биньцзян Ханчжоу;"ООО ""АйТи Дистрибуция"". Минский район, Боровлянский сельсовет, 103/3-7;";"ЧП ""МобиЛАБ СЦ"". г. Минск, ул. Толбухина, 2А";12;2;4;Да;;Нет;;Нет;0;Нет;Нет
2359975;Кабели, адаптеры, разветвители;ExeGate;Адаптер ExeGate HDMI - VGA EX284927RUS;EX284927RUS, EX-HDMIM-VGAF-C;;9;BYN;Цена включает НДС. В наличии 1шт. Доставка только в будние дни. Выходные дни в сроке заказа не учитываются;ExeGate;"ООО ""Белайтисервис"", г.Минск, ул. Тростенецкая, 5";"ООО ""Белайтисервис"", г.Минск, ул. Тростенецкая, 5/15";1;2;4;да;;нет;;нет;0;нет;нет
1074912;Кабели, адаптеры, разветвители;Gembird;Планка Gembird SPC-1;SPC-1;;22,4;BYN;Цена включает НДС. Доставка только в будние дни. Выходные дни в сроке заказа не учитываются.;Гемберд Европа Б.В. Виттевроувен 56, 1358 Алмере, Нидерланды;"ООО ""Белайтисервис"", г.Минск, ул. Тростенецкая, 5";"ООО ""Белайтисервис"", г.Минск, ул. Тростенецкая, 5/15";12;2;4;да;;нет;;нет;0;нет;нет
4904449;Кабели, адаптеры, разветвители;iOpen;Кабель iOpen ANP612 RJ-45 - RJ-45 (5 м, черный);ANP612B-BK-5M;;9;BYN;Цена включает НДС. В наличии 7шт. Доставка только в будние дни. Выходные дни в сроке заказа не учитываются;iOpen;"ООО ""Белайтисервис"", г.Минск, ул. Тростенецкая, 5";"ООО ""Белайтисервис"", г.Минск, ул. Тростенецкая, 5/15";1;2;4;да;;нет;;нет;0;нет;нет
4132678;Кабели, адаптеры, разветвители;Optimus;В0000013918;В0000013918;;17,93;BYN;Опт. Цены с НДС. Товары в наличии 1 шт, точное количество уточняйте. Цена действительна в день заказа. Доставка только в будние дни. Выходные дни в сроке заказа не учитываются.;Optimus;"ООО ""АйТи Дистрибуция"". Минский район, Боровлянский сельсовет, 103/3-7;";"ЧП ""МобиЛАБ СЦ"". г. Минск, ул. Толбухина, 2А";12;2;4;Да;;Нет;;Нет;0;Нет;Нет
3065674;Кабели, адаптеры, разветвители;Ugreen;US210 30753;30753;;12,6;BYN;Цена включает НДС. В наличии 1шт. Доставка только в будние дни. Выходные дни в сроке заказа не учитываются.;Ugreen Group Limited, Hong Kong;"""ООО """"АйТи Дистрибуция"""". Минский район, Боровлянский сельсовет, 103/3-7;";"ЧП """"МобиЛАБ СЦ"""". г. Минск, ул. Толбухина, 2А""";3;2;4;да;;нет;;нет;0;нет;нет
2638474;Кабели, адаптеры, разветвители;VCOM;CG484GD-1.8M;CG484GD-1.8M;;19,9;BYN;Цена включает НДС. Доставка только в будние дни. Выходные дни в сроке заказа не учитываются.;ВКОМ Интернешнл ЛТД. 1/2Ф, корпус Г, бизнес-центр Юкэ, Кесин дороге, Танся, Заречье Тианхе, Гуанчжоу, Китай;ООО «Надежная техника» г. Минск, ул. Скрыганова, д. 6а, пом. 25, оф. 29;ООО «Надежная техника» г. Минск, ул. Скрыганова, д.6а, пом. 25, оф. 10;3;2;4;да;;нет;;нет;0;нет;нет
5030543;Канцелярские товары и товары для школьников;Workpro;WP214001;WP214001, 6914280003801;;5,66;BYN;Опт. Цены с НДС. Товары в наличии 1 шт, точное количество уточняйте. Цена действительна в день заказа. Доставка только в будние дни. Выходные дни в сроке заказа не учитываются.;Workpro;"ООО ""АйТи Дистрибуция"". Минский район, Боровлянский сельсовет, 103/3-7;";"ЧП ""МобиЛАБ СЦ"". г. Минск, ул. Толбухина, 2А";12;2;4;Да;;Нет;;Нет;0;Нет;Нет
5030001;Канцелярские товары и товары для школьников;Workpro;WP214002;WP214002, 6914280015354;;4,98;BYN;Опт. Цены с НДС. Товары в наличии 1 шт, точное количество уточняйте. Цена действительна в день заказа. Доставка только в будние дни. Выходные дни в сроке заказа не учитываются.;Workpro;"ООО ""АйТи Дистрибуция"". Минский район, Боровлянский сельсовет, 103/3-7;";"ЧП ""МобиЛАБ СЦ"". г. Минск, ул. Толбухина, 2А";12;2;4;Да;;Нет;;Нет;0;Нет;Нет
5030000;Канцелярские товары и товары для школьников;Workpro;WP214003;WP214003, 6914280015361;;7,63;BYN;Опт. Цены с НДС. Товары в наличии 1 шт, точное количество уточняйте. Цена действительна в день заказа. Доставка только в будние дни. Выходные дни в сроке заказа не учитываются.;Workpro;"ООО ""АйТи Дистрибуция"". Минский район, Боровлянский сельсовет, 103/3-7;";"ЧП ""МобиЛАБ СЦ"". г. Минск, ул. Толбухина, 2А";12;2;4;Да;;Нет;;Нет;0;Нет;Нет
1120218;Картриджи для принтеров и МФУ;Canon;C-EXV 54M;1396C002AA;;199;BYN;Цена включает НДС. В наличии 1шт. Доставка только в будние дни. Выходные дни в сроке заказа не учитываются;Canon Inc., 30-2 Shimomaruko 3-chome, Ohta-ku, Tokyo 146-8501, Japan;"ООО ""Компьютеры и периферия"" г. Минск, пер. измайловский 1-й, дом № 51, комната 27";"ООО ""Белайтисервис"", г.Минск, ул. Тростенецкая, 5/15";12;2;4;да;;нет;;нет;0;нет;нет
804812;Картриджи для принтеров и МФУ;Canon;C-EXV49 Magenta [8526B002];8526B002;;199;BYN;Цена включает НДС. В наличии 1шт. Доставка только в будние дни. Выходные дни в сроке заказа не учитываются;Canon Inc., 30-2 Shimomaruko 3-chome, Ohta-ku, Tokyo 146-8501, Japan;"ООО ""Компьютеры и периферия"" г. Минск, пер. измайловский 1-й, дом № 51, комната 27";"ООО ""Белайтисервис"", г.Минск, ул. Тростенецкая, 5/15";12;2;4;да;;нет;;нет;0;нет;нет
4194661;Коммутаторы;Mikrotik;CRS518-16XS-2XQ-RM;CRS518-16XS-2XQ-RM;;6980;BYN;Цена включает НДС. В наличии 1шт. Доставка только в будние дни. Выходные дни в сроке заказа не учитываются.;MikroTikls SIA, Brivibas gatve 214i, Riga, LV-1039, Latvia;"Частное торговое унитарное предприятие ""ЭлСиСистемс"". г. Минск, ул. Некрасова, дом 39-1, каб. 322";"ЧП ""МобиЛАБ СЦ"". г. Минск, ул. Толбухина, 2А";12;1;3;да;;нет;;нет;0;нет;нет
4680484;Моддинг, аксессуары для системных блоков;DeepCool;Pixel R-PIXEL-BK100-G-1;R-PIXEL-BK100-G-1;;8,92;BYN;Опт. Цены с НДС. Товары в наличии 1 шт, точное количество уточняйте. Цена действительна в день заказа. Доставка только в будние дни. Выходные дни в сроке заказа не учитываются.;Deepcool Industries Co., Ltd., Beijing, China;"ООО ""АйТи Дистрибуция"". Минский район, Боровлянский сельсовет, 103/3-7;";"ЧП ""МобиЛАБ СЦ"". г. Минск, ул. Толбухина, 2А";12;2;4;Да;;Нет;;Нет;0;Нет;Нет
4680488;Моддинг, аксессуары для системных блоков;DeepCool;Pixel R-PIXEL-BU100-G-1;R-PIXEL-BU100-G-1;;8,92;BYN;Опт. Цены с НДС. Товары в наличии 1 шт, точное количество уточняйте. Цена действительна в день заказа. Доставка только в будние дни. Выходные дни в сроке заказа не учитываются.;Deepcool Industries Co., Ltd., Beijing, China;"ООО ""АйТи Дистрибуция"". Минский район, Боровлянский сельсовет, 103/3-7;";"ЧП ""МобиЛАБ СЦ"". г. Минск, ул. Толбухина, 2А";12;2;4;Да;;Нет;;Нет;0;Нет;Нет
4680491;Моддинг, аксессуары для системных блоков;DeepCool;Pixel R-PIXEL-GB100-G-1;R-PIXEL-GB100-G-1;;8,92;BYN;Опт. Цены с НДС. Товары в наличии 1 шт, точное количество уточняйте. Цена действительна в день заказа. Доставка только в будние дни. Выходные дни в сроке заказа не учитываются.;Deepcool Industries Co., Ltd., Beijing, China;"ООО ""АйТи Дистрибуция"". Минский район, Боровлянский сельсовет, 103/3-7;";"ЧП ""МобиЛАБ СЦ"". г. Минск, ул. Толбухина, 2А";12;2;4;Да;;Нет;;Нет;0;Нет;Нет
4680490;Моддинг, аксессуары для системных блоков;DeepCool;Pixel R-PIXEL-GY100-G-1;R-PIXEL-GY100-G-1;;8,92;BYN;Опт. Цены с НДС. Товары в наличии 1 шт, точное количество уточняйте. Цена действительна в день заказа. Доставка только в будние дни. Выходные дни в сроке заказа не учитываются.;Deepcool Industries Co., Ltd., Beijing, China;"ООО ""АйТи Дистрибуция"". Минский район, Боровлянский сельсовет, 103/3-7;";"ЧП ""МобиЛАБ СЦ"". г. Минск, ул. Толбухина, 2А";12;2;4;Да;;Нет;;Нет;0;Нет;Нет
4680492;Моддинг, аксессуары для системных блоков;DeepCool;Pixel R-PIXEL-PK100-G-1;R-PIXEL-PK100-G-1;;8,92;BYN;Опт. Цены с НДС. Товары в наличии 1 шт, точное количество уточняйте. Цена действительна в день заказа. Доставка только в будние дни. Выходные дни в сроке заказа не учитываются.;Deepcool Industries Co., Ltd., Beijing, China;"ООО ""АйТи Дистрибуция"". Минский район, Боровлянский сельсовет, 103/3-7;";"ЧП ""МобиЛАБ СЦ"". г. Минск, ул. Толбухина, 2А";12;2;4;Да;;Нет;;Нет;0;Нет;Нет
4680493;Моддинг, аксессуары для системных блоков;DeepCool;Pixel R-PIXEL-PO100-G-1;R-PIXEL-PO100-G-1;;8,92;BYN;Опт. Цены с НДС. Товары в наличии 1 шт, точное количество уточняйте. Цена действительна в день заказа. Доставка только в будние дни. Выходные дни в сроке заказа не учитываются.;Deepcool Industries Co., Ltd., Beijing, China;"ООО ""АйТи Дистрибуция"". Минский район, Боровлянский сельсовет, 103/3-7;";"ЧП ""МобиЛАБ СЦ"". г. Минск, ул. Толбухина, 2А";12;2;4;Да;;Нет;;Нет;0;Нет;Нет
4680494;Моддинг, аксессуары для системных блоков;DeepCool;Pixel R-PIXEL-RD100-G-1;R-PIXEL-RD100-G-1;;8,92;BYN;Опт. Цены с НДС. Товары в наличии 1 шт, точное количество уточняйте. Цена действительна в день заказа. Доставка только в будние дни. Выходные дни в сроке заказа не учитываются.;Deepcool Industries Co., Ltd., Beijing, China;"ООО ""АйТи Дистрибуция"". Минский район, Боровлянский сельсовет, 103/3-7;";"ЧП ""МобиЛАБ СЦ"". г. Минск, ул. Толбухина, 2А";12;2;4;Да;;Нет;;Нет;0;Нет;Нет
4680495;Моддинг, аксессуары для системных блоков;DeepCool;Pixel R-PIXEL-TV100-G-1;R-PIXEL-TV100-G-1;;8,92;BYN;Опт. Цены с НДС. Товары в наличии 1 шт, точное количество уточняйте. Цена действительна в день заказа. Доставка только в будние дни. Выходные дни в сроке заказа не учитываются.;Deepcool Industries Co., Ltd., Beijing, China;"ООО ""АйТи Дистрибуция"". Минский район, Боровлянский сельсовет, 103/3-7;";"ЧП ""МобиЛАБ СЦ"". г. Минск, ул. Толбухина, 2А";12;2;4;Да;;Нет;;Нет;0;Нет;Нет
4680497;Моддинг, аксессуары для системных блоков;DeepCool;Pixel R-PIXEL-WH100-G-1;R-PIXEL-WH100-G-1;;8,92;BYN;Опт. Цены с НДС. Товары в наличии 1 шт, точное количество уточняйте. Цена действительна в день заказа. Доставка только в будние дни. Выходные дни в сроке заказа не учитываются.;Deepcool Industries Co., Ltd., Beijing, China;"ООО ""АйТи Дистрибуция"". Минский район, Боровлянский сельсовет, 103/3-7;";"ЧП ""МобиЛАБ СЦ"". г. Минск, ул. Толбухина, 2А";12;2;4;Да;;Нет;;Нет;0;Нет;Нет
4680496;Моддинг, аксессуары для системных блоков;DeepCool;Pixel R-PIXEL-YE100-G-1;R-PIXEL-YE100-G-1;;8,92;BYN;Опт. Цены с НДС. Товары в наличии 1 шт, точное количество уточняйте. Цена действительна в день заказа. Доставка только в будние дни. Выходные дни в сроке заказа не учитываются.;Deepcool Industries Co., Ltd., Beijing, China;"ООО ""АйТи Дистрибуция"". Минский район, Боровлянский сельсовет, 103/3-7;";"ЧП ""МобиЛАБ СЦ"". г. Минск, ул. Толбухина, 2А";12;2;4;Да;;Нет;;Нет;0;Нет;Нет
5036901;Мультиметры, токовые клещи, индикаторные отвертки;Workpro;WP295001;WP295001, 6914280013800;;4,23;BYN;Опт. Цены с НДС. Товары в наличии 1 шт, точное количество уточняйте. Цена действительна в день заказа. Доставка только в будние дни. Выходные дни в сроке заказа не учитываются.;Workpro;"ООО ""АйТи Дистрибуция"". Минский район, Боровлянский сельсовет, 103/3-7;";"ЧП ""МобиЛАБ СЦ"". г. Минск, ул. Толбухина, 2А";12;2;4;Да;;Нет;;Нет;0;Нет;Нет
5036900;Мультиметры, токовые клещи, индикаторные отвертки;Workpro;WP349001;WP349001, 6914280015040;;10,65;BYN;Опт. Цены с НДС. Товары в наличии 1 шт, точное количество уточняйте. Цена действительна в день заказа. Доставка только в будние дни. Выходные дни в сроке заказа не учитываются.;Workpro;"ООО ""АйТи Дистрибуция"". Минский район, Боровлянский сельсовет, 103/3-7;";"ЧП ""МобиЛАБ СЦ"". г. Минск, ул. Толбухина, 2А";12;2;4;Да;;Нет;;Нет;0;Нет;Нет
5034413;Наборы электроинструментов;DeWalt;DCK200MP2T (шуруповерт, винтоверт, 2 АКБ, кейс);DCK200MP2T;;2547,48;BYN;Опт. Цены с НДС. Товары в наличии 1 шт, точное количество уточняйте. Цена действительна в день заказа. Доставка только в будние дни. Выходные дни в сроке заказа не учитываются.;DeWalt;"ООО ""АйТи Дистрибуция"". Минский район, Боровлянский сельсовет, 103/3-7;";"ЧП ""МобиЛАБ СЦ"". г. Минск, ул. Толбухина, 2А";12;2;4;Да;;Нет;;Нет;0;Нет;Нет
4606639;Наборы электроинструментов;DeWalt;DCK2020P2T (шуруповерт, УШМ, кейс);DCK2020P2T-QW;;1962,20;BYN;Опт. Цены с НДС. Товары в наличии 1 шт, точное количество уточняйте. Цена действительна в день заказа. Доставка только в будние дни. Выходные дни в сроке заказа не учитываются.;DeWalt;"ООО ""АйТи Дистрибуция"". Минский район, Боровлянский сельсовет, 103/3-7;";"ЧП ""МобиЛАБ СЦ"". г. Минск, ул. Толбухина, 2А";12;2;4;Да;;Нет;;Нет;0;Нет;Нет
4869369;Наборы электроинструментов;DeWalt;DCK2080P2T (шуруповерт, болгарка, 2 АКБ, кейс);DCK2080P2T-QW;;2050,39;BYN;Опт. Цены с НДС. Товары в наличии 1 шт, точное количество уточняйте. Цена действительна в день заказа. Доставка только в будние дни. Выходные дни в сроке заказа не учитываются.;DeWalt;"ООО ""АйТи Дистрибуция"". Минский район, Боровлянский сельсовет, 103/3-7;";"ЧП ""МобиЛАБ СЦ"". г. Минск, ул. Толбухина, 2А";12;2;4;Да;;Нет;;Нет;0;Нет;Нет
5034417;Наборы электроинструментов;DeWalt;DCK308DM (перфоратор, шуруповерт, болгарка, 2 АКБ, сумка);DCK308DM;;2709,94;BYN;Опт. Цены с НДС. Товары в наличии 1 шт, точное количество уточняйте. Цена действительна в день заказа. Доставка только в будние дни. Выходные дни в сроке заказа не учитываются.;DeWalt;"ООО ""АйТи Дистрибуция"". Минский район, Боровлянский сельсовет, 103/3-7;";"ЧП ""МобиЛАБ СЦ"". г. Минск, ул. Толбухина, 2А";12;2;4;Да;;Нет;;Нет;0;Нет;Нет
5284361;Наборы электроинструментов;Milwaukee;M12 BLPP2D-202B 4933500139 (шуруповерт, винтоверт, 2 АКБ, сумка);4933500139, 4058546573034;;1190,55;BYN;Опт. Цены с НДС. Товары в наличии 1 шт, точное количество уточняйте. Цена действительна в день заказа. Доставка только в будние дни. Выходные дни в сроке заказа не учитываются.;Milwaukee;"ООО ""АйТи Дистрибуция"". Минский район, Боровлянский сельсовет, 103/3-7;";"ЧП ""МобиЛАБ СЦ"". г. Минск, ул. Толбухина, 2А";12;2;4;Да;;Нет;;Нет;0;Нет;Нет
5165449;Наборы электроинструментов;Milwaukee;M12 BLPP4A-202B 4933499693 (шуруповерт, винтоверт, фонарь, сабельная, 2 АКБ, сумка);4933499693, 4058546568573;;1653,54;BYN;Опт. Цены с НДС. Товары в наличии 1 шт, точное количество уточняйте. Цена действительна в день заказа. Доставка только в будние дни. Выходные дни в сроке заказа не учитываются.;Milwaukee;"ООО ""АйТи Дистрибуция"". Минский район, Боровлянский сельсовет, 103/3-7;";"ЧП ""МобиЛАБ СЦ"". г. Минск, ул. Толбухина, 2А";12;2;4;Да;;Нет;;Нет;0;Нет;Нет
4472414;Наборы электроинструментов;Milwaukee;M12 FPP2A2-602X Fuel 4933480588 (шуруповерт, винтоверт, 2 АКБ, кейс);4933480588, 4058546408732;;2329,29;BYN;Опт. Цены с НДС. Товары в наличии 1 шт, точное количество уточняйте. Цена действительна в день заказа. Доставка только в будние дни. Выходные дни в сроке заказа не учитываются.;Milwaukee;"ООО ""АйТи Дистрибуция"". Минский район, Боровлянский сельсовет, 103/3-7;";"ЧП ""МобиЛАБ СЦ"". г. Минск, ул. Толбухина, 2А";12;2;4;Да;;Нет;;Нет;0;Нет;Нет
5165453;Наборы электроинструментов;Milwaukee;M12 FPP2BG2-502X 4933500138 (шуруповерт, перфоратор, 2 АКБ, кейс);4933500138;;3968,50;BYN;Опт. Цены с НДС. Товары в наличии 1 шт, точное количество уточняйте. Цена действительна в день заказа. Доставка только в будние дни. Выходные дни в сроке заказа не учитываются.;Milwaukee;"ООО ""АйТи Дистрибуция"". Минский район, Боровлянский сельсовет, 103/3-7;";"ЧП ""МобиЛАБ СЦ"". г. Минск, ул. Толбухина, 2А";12;2;4;Да;;Нет;;Нет;0;Нет;Нет
4987361;Наборы электроинструментов;Milwaukee;M12 FPP2E2-402X 4933480594 (шуруповерт, винтоверт, 2 АКБ, кейс);4933480594, 4058546408794;;2706,30;BYN;Опт. Цены с НДС. Товары в наличии 1 шт, точное количество уточняйте. Цена действительна в день заказа. Доставка только в будние дни. Выходные дни в сроке заказа не учитываются.;Milwaukee;"ООО ""АйТи Дистрибуция"". Минский район, Боровлянский сельсовет, 103/3-7;";"ЧП ""МобиЛАБ СЦ"". г. Минск, ул. Толбухина, 2А";12;2;4;Да;;Нет;;Нет;0;Нет;Нет
4563873;Наборы электроинструментов;Milwaukee;M12 M12BPP2B-421C 4933443497 (шуруповерт, винтоверт, 2 АКБ, кейс);4933443497, 4002395004614;;1433,07;BYN;Опт. Цены с НДС. Товары в наличии 1 шт, точное количество уточняйте. Цена действительна в день заказа. Доставка только в будние дни. Выходные дни в сроке заказа не учитываются.;Milwaukee;"ООО ""АйТи Дистрибуция"". Минский район, Боровлянский сельсовет, 103/3-7;";"ЧП ""МобиЛАБ СЦ"". г. Минск, ул. Толбухина, 2А";12;2;4;Да;;Нет;;Нет;0;Нет;Нет
4986968;Наборы электроинструментов;Milwaukee;M12FPP2X2-402X 4933498741 (шуруповерт, винтоверт, 2 АКБ, кейс);4933498741, 4058546526108;;3722,68;BYN;Опт. Цены с НДС. Товары в наличии 1 шт, точное количество уточняйте. Цена действительна в день заказа. Доставка только в будние дни. Выходные дни в сроке заказа не учитываются.;Milwaukee;"ООО ""АйТи Дистрибуция"". Минский район, Боровлянский сельсовет, 103/3-7;";"ЧП ""МобиЛАБ СЦ"". г. Минск, ул. Толбухина, 2А";12;2;4;Да;;Нет;;Нет;0;Нет;Нет
4987278;Наборы электроинструментов;Milwaukee;M18 BLCPP2A-402C 4933492827 (шуруповерт, винтоверт, 2 АКБ, кейс);4933492827, 4058546476984;;2866,14;BYN;Опт. Цены с НДС. Товары в наличии 1 шт, точное количество уточняйте. Цена действительна в день заказа. Доставка только в будние дни. Выходные дни в сроке заказа не учитываются.;Milwaukee;"ООО ""АйТи Дистрибуция"". Минский район, Боровлянский сельсовет, 103/3-7;";"ЧП ""МобиЛАБ СЦ"". г. Минск, ул. Толбухина, 2А";12;2;4;Да;;Нет;;Нет;0;Нет;Нет
4601756;Наборы электроинструментов;Milwaukee;M18 BLCPP2B-402C 4933492836 (шуруповерт, винтоверт, 2 АКБ, кейс);4933492836;;2590,55;BYN;Опт. Цены с НДС. Товары в наличии 1 шт, точное количество уточняйте. Цена действительна в день заказа. Доставка только в будние дни. Выходные дни в сроке заказа не учитываются.;Milwaukee;"ООО ""АйТи Дистрибуция"". Минский район, Боровлянский сельсовет, 103/3-7;";"ЧП ""МобиЛАБ СЦ"". г. Минск, ул. Толбухина, 2А";12;2;4;Да;;Нет;;Нет;0;Нет;Нет
4987342;Наборы электроинструментов;Milwaukee;M18 BLPP2A3-502X 4933492844 (шуруповерт, винтоверт, 2 АКБ, кейс);4933492844, 4058546477158;;3136,22;BYN;Опт. Цены с НДС. Товары в наличии 1 шт, точное количество уточняйте. Цена действительна в день заказа. Доставка только в будние дни. Выходные дни в сроке заказа не учитываются.;Milwaukee;"ООО ""АйТи Дистрибуция"". Минский район, Боровлянский сельсовет, 103/3-7;";"ЧП ""МобиЛАБ СЦ"". г. Минск, ул. Толбухина, 2А";12;2;4;Да;;Нет;;Нет;0;Нет;Нет
4987334;Наборы электроинструментов;Milwaukee;M18 BLPP2B3-502X 4933492846 (шуруповерт, винтоверт, 2 АКБ, кейс);4933492846, 4058546477172;;3136,22;BYN;Опт. Цены с НДС. Товары в наличии 1 шт, точное количество уточняйте. Цена действительна в день заказа. Доставка только в будние дни. Выходные дни в сроке заказа не учитываются.;Milwaukee;"ООО ""АйТи Дистрибуция"". Минский район, Боровлянский сельсовет, 103/3-7;";"ЧП ""МобиЛАБ СЦ"". г. Минск, ул. Толбухина, 2А";12;2;4;Да;;Нет;;Нет;0;Нет;Нет
4472415;Наборы электроинструментов;Milwaukee;M18 BPP2C-402C 4933443552 (шуруповерт, винтоверт, 2 АКБ, кейс);4933443552;;2314,96;BYN;Опт. Цены с НДС. Товары в наличии 1 шт, точное количество уточняйте. Цена действительна в день заказа. Доставка только в будние дни. Выходные дни в сроке заказа не учитываются.;Milwaukee;"ООО ""АйТи Дистрибуция"". Минский район, Боровлянский сельсовет, 103/3-7;";"ЧП ""МобиЛАБ СЦ"". г. Минск, ул. Толбухина, 2А";12;2;4;Да;;Нет;;Нет;0;Нет;Нет
4590312;Наборы электроинструментов;Milwaukee;M18 ONEPP2A3-502X 4933493244 (шуруповерт, винтоверт, 2 АКБ, кейс);4933493244, 4058546481155;;3699,53;BYN;Опт. Цены с НДС. Товары в наличии 1 шт, точное количество уточняйте. Цена действительна в день заказа. Доставка только в будние дни. Выходные дни в сроке заказа не учитываются.;Milwaukee;"ООО ""АйТи Дистрибуция"". Минский район, Боровлянский сельсовет, 103/3-7;";"ЧП ""МобиЛАБ СЦ"". г. Минск, ул. Толбухина, 2А";12;2;4;Да;;Нет;;Нет;0;Нет;Нет
4987213;Наборы электроинструментов;P.I.T.;GSH65-C6 + PBH20H-18A (отбойный молоток, перфоратор);4673744848809;;985,51;BYN;Опт. Цены с НДС. Товары в наличии 1 шт, точное количество уточняйте. Цена действительна в день заказа. Доставка только в будние дни. Выходные дни в сроке заказа не учитываются.;P.I.T.;"ООО ""АйТи Дистрибуция"". Минский район, Боровлянский сельсовет, 103/3-7;";"ЧП ""МобиЛАБ СЦ"". г. Минск, ул. Толбухина, 2А";12;2;4;Да;;Нет;;Нет;0;Нет;Нет
4659272;Наборы электроинструментов;P.I.T.;P0001-02 (шуруповерт, болгарка, 2 АКБ, кейс);P0001-02;;660,31;BYN;Опт. Цены с НДС. Товары в наличии 1 шт, точное количество уточняйте. Цена действительна в день заказа. Доставка только в будние дни. Выходные дни в сроке заказа не учитываются.;P.I.T.;"ООО ""АйТи Дистрибуция"". Минский район, Боровлянский сельсовет, 103/3-7;";"ЧП ""МобиЛАБ СЦ"". г. Минск, ул. Толбухина, 2А";12;2;4;Да;;Нет;;Нет;0;Нет;Нет
4891461;Наборы электроинструментов;P.I.T.;PBM12K-10A+PSD12K-120A/2 (шуруповерт, винтоверт, 2 АКБ);;;299,84;BYN;Опт. Цены с НДС. Товары в наличии 1 шт, точное количество уточняйте. Цена действительна в день заказа. Доставка только в будние дни. Выходные дни в сроке заказа не учитываются.;P.I.T.;"ООО ""АйТи Дистрибуция"". Минский район, Боровлянский сельсовет, 103/3-7;";"ЧП ""МобиЛАБ СЦ"". г. Минск, ул. Толбухина, 2А";12;2;4;Да;;Нет;;Нет;0;Нет;Нет
4891458;Наборы электроинструментов;P.I.T.;PBM12K-10A/2+PSD12K-120A (шуруповерт, винтоверт, 2 АКБ);;;278,41;BYN;Опт. Цены с НДС. Товары в наличии 1 шт, точное количество уточняйте. Цена действительна в день заказа. Доставка только в будние дни. Выходные дни в сроке заказа не учитываются.;P.I.T.;"ООО ""АйТи Дистрибуция"". Минский район, Боровлянский сельсовет, 103/3-7;";"ЧП ""МобиЛАБ СЦ"". г. Минск, ул. Толбухина, 2А";12;2;4;Да;;Нет;;Нет;0;Нет;Нет
5041829;Наборы электроинструментов;P.I.T.;PEI20H-60A Solo (гравер, паяльник, кейс);PEI20H-60A SOLO;;206,14;BYN;Опт. Цены с НДС. Товары в наличии 1 шт, точное количество уточняйте. Цена действительна в день заказа. Доставка только в будние дни. Выходные дни в сроке заказа не учитываются.;P.I.T.;"ООО ""АйТи Дистрибуция"". Минский район, Боровлянский сельсовет, 103/3-7;";"ЧП ""МобиЛАБ СЦ"". г. Минск, ул. Толбухина, 2А";12;2;4;Да;;Нет;;Нет;0;Нет;Нет
5024686;Наборы электроинструментов;P.I.T.;PSR18-D5 + PWS125-C6 (шуруповерт, болгарка, 2 АКБ, кейс);4673744848861;;266,77;BYN;Опт. Цены с НДС. Товары в наличии 1 шт, точное количество уточняйте. Цена действительна в день заказа. Доставка только в будние дни. Выходные дни в сроке заказа не учитываются.;P.I.T.;"ООО ""АйТи Дистрибуция"". Минский район, Боровлянский сельсовет, 103/3-7;";"ЧП ""МобиЛАБ СЦ"". г. Минск, ул. Толбухина, 2А";12;2;4;Да;;Нет;;Нет;0;Нет;Нет
5281645;Ноутбуки;ASUS;ExpertBook B5 B5405CCA-NZ1264;B5405CCA-NZ1264;;4940;BYN;В наличии 3 шт. Цены с НДС. Возможность установки Windows. Цена действительна в день заказа. Доставка только в будние дни. Выходные дни в сроке заказа не учитываются.;ASUSTeK Computer Inc., No. 15, Li-Te Rd., Beitou Dist., Taipei 112, Taiwan, R.O.C.;"ООО ""АйТи Дистрибуция"". Минский район, Боровлянский сельсовет, 103/3-7;
ООО ""КОМПЬЮТЕРЫ И ПЕРИФЕРИЯ"". г. Минск, 1-й Измайловский пер. 51/2";"""ООО """"КОМПЬЮТЕРЫ И ПЕРИФЕРИЯ"""". г. Минск, 1-й Измайловский пер. 51/2;
ЧП """"МобиЛАБ СЦ"""". г. Минск, ул. Толбухина, 2А""";12;1;4;да;;нет;;нет;0;нет;нет
5143950;Ноутбуки;ASUS;ExpertBook P1 P1503CVA-i5H16512G0D;P1503CVA-i5H16512G0D;;2750;BYN;Опт. Цены с НДС. В наличии большое кол-во. Возможность установки Windows и увеличение оперативной памяти до 32GB. Цена действительна в день заказа. Доставка только в будние дни. Выходные дни в сроке заказа не учитываются.;ASUSTeK Computer Inc., No. 15, Li-Te Rd., Beitou Dist., Taipei 112, Taiwan, R.O.C.;"ООО ""АйТи Дистрибуция"". Минский район, Боровлянский сельсовет, 103/3-7;
ООО ""КОМПЬЮТЕРЫ И ПЕРИФЕРИЯ"". г. Минск, 1-й Измайловский пер. 51/2";"""ООО """"КОМПЬЮТЕРЫ И ПЕРИФЕРИЯ"""". г. Минск, 1-й Измайловский пер. 51/2;
ЧП """"МобиЛАБ СЦ"""". г. Минск, ул. Толбухина, 2А""";12;1;4;да;;нет;;нет;0;нет;нет
5143688;Ноутбуки;ASUS;ExpertBook P1 P1503CVA-I716512B0D;P1503CVA-I716512B0D;;3050;BYN;Опт. Цены с НДС. В наличии большое кол-во. Возможность установки Windows и увеличение оперативной памяти до 32GB. Цена действительна в день заказа. Доставка только в будние дни. Выходные дни в сроке заказа не учитываются.;ASUSTeK Computer Inc., No. 15, Li-Te Rd., Beitou Dist., Taipei 112, Taiwan, R.O.C.;"ООО ""АйТи Дистрибуция"". Минский район, Боровлянский сельсовет, 103/3-7;
ООО ""КОМПЬЮТЕРЫ И ПЕРИФЕРИЯ"". г. Минск, 1-й Измайловский пер. 51/2";"""ООО """"КОМПЬЮТЕРЫ И ПЕРИФЕРИЯ"""". г. Минск, 1-й Измайловский пер. 51/2;
ЧП """"МобиЛАБ СЦ"""". г. Минск, ул. Толбухина, 2А""";12;1;4;да;;нет;;нет;0;нет;нет
5031491;Оборудование для мастерской и системы хранения инструментов;DeWalt;DT70805;DT70805;;23,61;BYN;Опт. Цены с НДС. Товары в наличии 1 шт, точное количество уточняйте. Цена действительна в день заказа. Доставка только в будние дни. Выходные дни в сроке заказа не учитываются.;DeWalt;"ООО ""АйТи Дистрибуция"". Минский район, Боровлянский сельсовет, 103/3-7;";"ЧП ""МобиЛАБ СЦ"". г. Минск, ул. Толбухина, 2А";12;2;4;Да;;Нет;;Нет;0;Нет;Нет
4807903;Оборудование для мастерской и системы хранения инструментов;DeWalt;DWST82732-1;DWST82732-1;;187,68;BYN;Опт. Цены с НДС. Товары в наличии 1 шт, точное количество уточняйте. Цена действительна в день заказа. Доставка только в будние дни. Выходные дни в сроке заказа не учитываются.;DeWalt;"ООО ""АйТи Дистрибуция"". Минский район, Боровлянский сельсовет, 103/3-7;";"ЧП ""МобиЛАБ СЦ"". г. Минск, ул. Толбухина, 2А";12;2;4;Да;;Нет;;Нет;0;Нет;Нет
4471610;Оборудование для мастерской и системы хранения инструментов;Milwaukee;4932373252;4932373252, 4002395347247;;28,54;BYN;Опт. Цены с НДС. Товары в наличии 1 шт, точное количество уточняйте. Цена действительна в день заказа. Доставка только в будние дни. Выходные дни в сроке заказа не учитываются.;Milwaukee;"ООО ""АйТи Дистрибуция"". Минский район, Боровлянский сельсовет, 103/3-7;";"ЧП ""МобиЛАБ СЦ"". г. Минск, ул. Толбухина, 2А";12;2;4;Да;;Нет;;Нет;0;Нет;Нет
4471594;Оборудование для мастерской и системы хранения инструментов;Milwaukee;4932453509;4932453509, 4002395143610;;43,38;BYN;Опт. Цены с НДС. Товары в наличии 1 шт, точное количество уточняйте. Цена действительна в день заказа. Доставка только в будние дни. Выходные дни в сроке заказа не учитываются.;Milwaukee;"ООО ""АйТи Дистрибуция"". Минский район, Боровлянский сельсовет, 103/3-7;";"ЧП ""МобиЛАБ СЦ"". г. Минск, ул. Толбухина, 2А";12;2;4;Да;;Нет;;Нет;0;Нет;Нет
4471600;Оборудование для мастерской и системы хранения инструментов;Milwaukee;4932453856;4932453856, 4002395275663;;79,92;BYN;Опт. Цены с НДС. Товары в наличии 1 шт, точное количество уточняйте. Цена действительна в день заказа. Доставка только в будние дни. Выходные дни в сроке заказа не учитываются.;Milwaukee;"ООО ""АйТи Дистрибуция"". Минский район, Боровлянский сельсовет, 103/3-7;";"ЧП ""МобиЛАБ СЦ"". г. Минск, ул. Толбухина, 2А";12;2;4;Да;;Нет;;Нет;0;Нет;Нет
4471603;Оборудование для мастерской и системы хранения инструментов;Milwaukee;4932453860;4932453860, 4002395275694;;71,93;BYN;Опт. Цены с НДС. Товары в наличии 1 шт, точное количество уточняйте. Цена действительна в день заказа. Доставка только в будние дни. Выходные дни в сроке заказа не учитываются.;Milwaukee;"ООО ""АйТи Дистрибуция"". Минский район, Боровлянский сельсовет, 103/3-7;";"ЧП ""МобиЛАБ СЦ"". г. Минск, ул. Толбухина, 2А";12;2;4;Да;;Нет;;Нет;0;Нет;Нет
4473094;Оборудование для мастерской и системы хранения инструментов;Milwaukee;4932478300;4932478300, 4058546344771;;23,98;BYN;Опт. Цены с НДС. Товары в наличии 1 шт, точное количество уточняйте. Цена действительна в день заказа. Доставка только в будние дни. Выходные дни в сроке заказа не учитываются.;Milwaukee;"ООО ""АйТи Дистрибуция"". Минский район, Боровлянский сельсовет, 103/3-7;";"ЧП ""МобиЛАБ СЦ"". г. Минск, ул. Толбухина, 2А";12;2;4;Да;;Нет;;Нет;0;Нет;Нет
4473095;Оборудование для мастерской и системы хранения инструментов;Milwaukee;4932478301;4932478301, 4058546344788;;26,26;BYN;Опт. Цены с НДС. Товары в наличии 1 шт, точное количество уточняйте. Цена действительна в день заказа. Доставка только в будние дни. Выходные дни в сроке заказа не учитываются.;Milwaukee;"ООО ""АйТи Дистрибуция"". Минский район, Боровлянский сельсовет, 103/3-7;";"ЧП ""МобиЛАБ СЦ"". г. Минск, ул. Толбухина, 2А";12;2;4;Да;;Нет;;Нет;0;Нет;Нет
4567314;Оборудование для мастерской и системы хранения инструментов;Milwaukee;4932478926;4932478926, 4058546362089;;776,34;BYN;Опт. Цены с НДС. Товары в наличии 1 шт, точное количество уточняйте. Цена действительна в день заказа. Доставка только в будние дни. Выходные дни в сроке заказа не учитываются.;Milwaukee;"ООО ""АйТи Дистрибуция"". Минский район, Боровлянский сельсовет, 103/3-7;";"ЧП ""МобиЛАБ СЦ"". г. Минск, ул. Толбухина, 2А";12;2;4;Да;;Нет;;Нет;0;Нет;Нет
4952408;Оборудование для мастерской и системы хранения инструментов;Milwaukee;4932493383;4932493383;;38,82;BYN;Опт. Цены с НДС. Товары в наличии 1 шт, точное количество уточняйте. Цена действительна в день заказа. Доставка только в будние дни. Выходные дни в сроке заказа не учитываются.;Milwaukee;"ООО ""АйТи Дистрибуция"". Минский район, Боровлянский сельсовет, 103/3-7;";"ЧП ""МобиЛАБ СЦ"". г. Минск, ул. Толбухина, 2А";12;2;4;Да;;Нет;;Нет;0;Нет;Нет
4952411;Оборудование для мастерской и системы хранения инструментов;Milwaukee;4932493384;4932493384;;79,92;BYN;Опт. Цены с НДС. Товары в наличии 1 шт, точное количество уточняйте. Цена действительна в день заказа. Доставка только в будние дни. Выходные дни в сроке заказа не учитываются.;Milwaukee;"ООО ""АйТи Дистрибуция"". Минский район, Боровлянский сельсовет, 103/3-7;";"ЧП ""МобиЛАБ СЦ"". г. Минск, ул. Толбухина, 2А";12;2;4;Да;;Нет;;Нет;0;Нет;Нет
5126621;Оборудование для мастерской и системы хранения инструментов;Milwaukee;4932498633;4932498633, 4058546525026;;1648,58;BYN;Опт. Цены с НДС. Товары в наличии 1 шт, точное количество уточняйте. Цена действительна в день заказа. Доставка только в будние дни. Выходные дни в сроке заказа не учитываются.;Milwaukee;"ООО ""АйТи Дистрибуция"". Минский район, Боровлянский сельсовет, 103/3-7;";"ЧП ""МобиЛАБ СЦ"". г. Минск, ул. Толбухина, 2А";12;2;4;Да;;Нет;;Нет;0;Нет;Нет
4952401;Оборудование для мастерской и системы хранения инструментов;Milwaukee;4932498644;4932498644;;182,67;BYN;Опт. Цены с НДС. Товары в наличии 1 шт, точное количество уточняйте. Цена действительна в день заказа. Доставка только в будние дни. Выходные дни в сроке заказа не учитываются.;Milwaukee;"ООО ""АйТи Дистрибуция"". Минский район, Боровлянский сельсовет, 103/3-7;";"ЧП ""МобиЛАБ СЦ"". г. Минск, ул. Толбухина, 2А";12;2;4;Да;;Нет;;Нет;0;Нет;Нет
4952402;Оборудование для мастерской и системы хранения инструментов;Milwaukee;4932498645;4932498645;;125,58;BYN;Опт. Цены с НДС. Товары в наличии 1 шт, точное количество уточняйте. Цена действительна в день заказа. Доставка только в будние дни. Выходные дни в сроке заказа не учитываются.;Milwaukee;"ООО ""АйТи Дистрибуция"". Минский район, Боровлянский сельсовет, 103/3-7;";"ЧП ""МобиЛАБ СЦ"". г. Минск, ул. Толбухина, 2А";12;2;4;Да;;Нет;;Нет;0;Нет;Нет
4952403;Оборудование для мастерской и системы хранения инструментов;Milwaukee;4932498646;4932498646;;130,15;BYN;Опт. Цены с НДС. Товары в наличии 1 шт, точное количество уточняйте. Цена действительна в день заказа. Доставка только в будние дни. Выходные дни в сроке заказа не учитываются.;Milwaukee;"ООО ""АйТи Дистрибуция"". Минский район, Боровлянский сельсовет, 103/3-7;";"ЧП ""МобиЛАБ СЦ"". г. Минск, ул. Толбухина, 2А";12;2;4;Да;;Нет;;Нет;0;Нет;Нет
5079148;Оборудование для мастерской и системы хранения инструментов;Milwaukee;4932498647;4932498647;;147,28;BYN;Опт. Цены с НДС. Товары в наличии 1 шт, точное количество уточняйте. Цена действительна в день заказа. Доставка только в будние дни. Выходные дни в сроке заказа не учитываются.;Milwaukee;"ООО ""АйТи Дистрибуция"". Минский район, Боровлянский сельсовет, 103/3-7;";"ЧП ""МобиЛАБ СЦ"". г. Минск, ул. Толбухина, 2А";12;2;4;Да;;Нет;;Нет;0;Нет;Нет
4952413;Оборудование для мастерской и системы хранения инструментов;Milwaukee;4932498648;4932498648;;196,37;BYN;Опт. Цены с НДС. Товары в наличии 1 шт, точное количество уточняйте. Цена действительна в день заказа. Доставка только в будние дни. Выходные дни в сроке заказа не учитываются.;Milwaukee;"ООО ""АйТи Дистрибуция"". Минский район, Боровлянский сельсовет, 103/3-7;";"ЧП ""МобиЛАБ СЦ"". г. Минск, ул. Толбухина, 2А";12;2;4;Да;;Нет;;Нет;0;Нет;Нет
4952404;Оборудование для мастерской и системы хранения инструментов;Milwaukee;4932498649;4932498649;;215,78;BYN;Опт. Цены с НДС. Товары в наличии 1 шт, точное количество уточняйте. Цена действительна в день заказа. Доставка только в будние дни. Выходные дни в сроке заказа не учитываются.;Milwaukee;"ООО ""АйТи Дистрибуция"". Минский район, Боровлянский сельсовет, 103/3-7;";"ЧП ""МобиЛАБ СЦ"". г. Минск, ул. Толбухина, 2А";12;2;4;Да;;Нет;;Нет;0;Нет;Нет
4952416;Оборудование для мастерской и системы хранения инструментов;Milwaukee;4932498650;4932498650;;176,96;BYN;Опт. Цены с НДС. Товары в наличии 1 шт, точное количество уточняйте. Цена действительна в день заказа. Доставка только в будние дни. Выходные дни в сроке заказа не учитываются.;Milwaukee;"ООО ""АйТи Дистрибуция"". Минский район, Боровлянский сельсовет, 103/3-7;";"ЧП ""МобиЛАБ СЦ"". г. Минск, ул. Толбухина, 2А";12;2;4;Да;;Нет;;Нет;0;Нет;Нет
4569022;Оборудование для мастерской и системы хранения инструментов;Milwaukee;MSL2000 4932459713;4932459713, 4058546028855;;182,67;BYN;Опт. Цены с НДС. Товары в наличии 1 шт, точное количество уточняйте. Цена действительна в день заказа. Доставка только в будние дни. Выходные дни в сроке заказа не учитываются.;Milwaukee;"ООО ""АйТи Дистрибуция"". Минский район, Боровлянский сельсовет, 103/3-7;";"ЧП ""МобиЛАБ СЦ"". г. Минск, ул. Толбухина, 2А";12;2;4;Да;;Нет;;Нет;0;Нет;Нет
4569020;Оборудование для мастерской и системы хранения инструментов;Milwaukee;PackOut 4932472127;4932472127, 4058546325237;;860,82;BYN;Опт. Цены с НДС. Товары в наличии 1 шт, точное количество уточняйте. Цена действительна в день заказа. Доставка только в будние дни. Выходные дни в сроке заказа не учитываются.;Milwaukee;"ООО ""АйТи Дистрибуция"". Минский район, Боровлянский сельсовет, 103/3-7;";"ЧП ""МобиЛАБ СЦ"". г. Минск, ул. Толбухина, 2А";12;2;4;Да;;Нет;;Нет;0;Нет;Нет
4569014;Оборудование для мастерской и системы хранения инструментов;Milwaukee;PackOut 4932472128;4932472128, 4058546325244;;341,36;BYN;Опт. Цены с НДС. Товары в наличии 1 шт, точное количество уточняйте. Цена действительна в день заказа. Доставка только в будние дни. Выходные дни в сроке заказа не учитываются.;Milwaukee;"ООО ""АйТи Дистрибуция"". Минский район, Боровлянский сельсовет, 103/3-7;";"ЧП ""МобиЛАБ СЦ"". г. Минск, ул. Толбухина, 2А";12;2;4;Да;;Нет;;Нет;0;Нет;Нет
4471615;Оборудование для мастерской и системы хранения инструментов;Milwaukee;Packout 4932478298;4932478298, 4058546344757;;38,82;BYN;Опт. Цены с НДС. Товары в наличии 1 шт, точное количество уточняйте. Цена действительна в день заказа. Доставка только в будние дни. Выходные дни в сроке заказа не учитываются.;Milwaukee;"ООО ""АйТи Дистрибуция"". Минский район, Боровлянский сельсовет, 103/3-7;";"ЧП ""МобиЛАБ СЦ"". г. Минск, ул. Толбухина, 2А";12;2;4;Да;;Нет;;Нет;0;Нет;Нет
4471620;Оборудование для мастерской и системы хранения инструментов;Milwaukee;Packout 4932478299;4932478299, 4058546344764;;52,52;BYN;Опт. Цены с НДС. Товары в наличии 1 шт, точное количество уточняйте. Цена действительна в день заказа. Доставка только в будние дни. Выходные дни в сроке заказа не учитываются.;Milwaukee;"ООО ""АйТи Дистрибуция"". Минский район, Боровлянский сельсовет, 103/3-7;";"ЧП ""МобиЛАБ СЦ"". г. Минск, ул. Толбухина, 2А";12;2;4;Да;;Нет;;Нет;0;Нет;Нет
4471623;Оборудование для мастерской и системы хранения инструментов;Milwaukee;Packout 4932478711;4932478711, 4058546349042;;363,05;BYN;Опт. Цены с НДС. Товары в наличии 1 шт, точное количество уточняйте. Цена действительна в день заказа. Доставка только в будние дни. Выходные дни в сроке заказа не учитываются.;Milwaukee;"ООО ""АйТи Дистрибуция"". Минский район, Боровлянский сельсовет, 103/3-7;";"ЧП ""МобиЛАБ СЦ"". г. Минск, ул. Толбухина, 2А";12;2;4;Да;;Нет;;Нет;0;Нет;Нет
4471681;Оборудование для мастерской и системы хранения инструментов;Milwaukee;Packout 4932479104;4932479104, 4058546368982;;87,91;BYN;Опт. Цены с НДС. Товары в наличии 1 шт, точное количество уточняйте. Цена действительна в день заказа. Доставка только в будние дни. Выходные дни в сроке заказа не учитываются.;Milwaukee;"ООО ""АйТи Дистрибуция"". Минский район, Боровлянский сельсовет, 103/3-7;";"ЧП ""МобиЛАБ СЦ"". г. Минск, ул. Толбухина, 2А";12;2;4;Да;;Нет;;Нет;0;Нет;Нет
4471686;Оборудование для мастерской и системы хранения инструментов;Milwaukee;Packout 4932479105;4932479105, 4058546368999;;87,91;BYN;Опт. Цены с НДС. Товары в наличии 1 шт, точное количество уточняйте. Цена действительна в день заказа. Доставка только в будние дни. Выходные дни в сроке заказа не учитываются.;Milwaukee;"ООО ""АйТи Дистрибуция"". Минский район, Боровлянский сельсовет, 103/3-7;";"ЧП ""МобиЛАБ СЦ"". г. Минск, ул. Толбухина, 2А";12;2;4;Да;;Нет;;Нет;0;Нет;Нет
4563914;Оборудование для мастерской и системы хранения инструментов;Milwaukee;PackOut 4932480621;4932480621, 4058546409067;;176,96;BYN;Опт. Цены с НДС. Товары в наличии 1 шт, точное количество уточняйте. Цена действительна в день заказа. Доставка только в будние дни. Выходные дни в сроке заказа не учитываются.;Milwaukee;"ООО ""АйТи Дистрибуция"". Минский район, Боровлянский сельсовет, 103/3-7;";"ЧП ""МобиЛАБ СЦ"". г. Минск, ул. Толбухина, 2А";12;2;4;Да;;Нет;;Нет;0;Нет;Нет
4471690;Оборудование для мастерской и системы хранения инструментов;Milwaukee;Packout 4932480624;4932480624, 4058546409098;;93,62;BYN;Опт. Цены с НДС. Товары в наличии 1 шт, точное количество уточняйте. Цена действительна в день заказа. Доставка только в будние дни. Выходные дни в сроке заказа не учитываются.;Milwaukee;"ООО ""АйТи Дистрибуция"". Минский район, Боровлянский сельсовет, 103/3-7;";"ЧП ""МобиЛАБ СЦ"". г. Минск, ул. Толбухина, 2А";12;2;4;Да;;Нет;;Нет;0;Нет;Нет
4471616;Оборудование для мастерской и системы хранения инструментов;Milwaukee;Packout 4932480625;4932480625, 4058546409104;;262,59;BYN;Опт. Цены с НДС. Товары в наличии 1 шт, точное количество уточняйте. Цена действительна в день заказа. Доставка только в будние дни. Выходные дни в сроке заказа не учитываются.;Milwaukee;"ООО ""АйТи Дистрибуция"". Минский район, Боровлянский сельсовет, 103/3-7;";"ЧП ""МобиЛАБ СЦ"". г. Минск, ул. Толбухина, 2А";12;2;4;Да;;Нет;;Нет;0;Нет;Нет
4564106;Оборудование для мастерской и системы хранения инструментов;Milwaukee;PackOut 4932480700;4932480700, 4058546409852;;98,18;BYN;Опт. Цены с НДС. Товары в наличии 1 шт, точное количество уточняйте. Цена действительна в день заказа. Доставка только в будние дни. Выходные дни в сроке заказа не учитываются.;Milwaukee;"ООО ""АйТи Дистрибуция"". Минский район, Боровлянский сельсовет, 103/3-7;";"ЧП ""МобиЛАБ СЦ"". г. Минск, ул. Толбухина, 2А";12;2;4;Да;;Нет;;Нет;0;Нет;Нет
4564109;Оборудование для мастерской и системы хранения инструментов;Milwaukee;PackOut 4932480701;4932480701, 4058546409869;;98,18;BYN;Опт. Цены с НДС. Товары в наличии 1 шт, точное количество уточняйте. Цена действительна в день заказа. Доставка только в будние дни. Выходные дни в сроке заказа не учитываются.;Milwaukee;"ООО ""АйТи Дистрибуция"". Минский район, Боровлянский сельсовет, 103/3-7;";"ЧП ""МобиЛАБ СЦ"". г. Минск, ул. Толбухина, 2А";12;2;4;Да;;Нет;;Нет;0;Нет;Нет
4564111;Оборудование для мастерской и системы хранения инструментов;Milwaukee;PackOut 4932480702;4932480702, 4058546409876;;105,03;BYN;Опт. Цены с НДС. Товары в наличии 1 шт, точное количество уточняйте. Цена действительна в день заказа. Доставка только в будние дни. Выходные дни в сроке заказа не учитываются.;Milwaukee;"ООО ""АйТи Дистрибуция"". Минский район, Боровлянский сельсовет, 103/3-7;";"ЧП ""МобиЛАБ СЦ"". г. Минск, ул. Толбухина, 2А";12;2;4;Да;;Нет;;Нет;0;Нет;Нет
4564114;Оборудование для мастерской и системы хранения инструментов;Milwaukee;PackOut 4932480703;4932480703, 4058546409883;;61,65;BYN;Опт. Цены с НДС. Товары в наличии 1 шт, точное количество уточняйте. Цена действительна в день заказа. Доставка только в будние дни. Выходные дни в сроке заказа не учитываются.;Milwaukee;"ООО ""АйТи Дистрибуция"". Минский район, Боровлянский сельсовет, 103/3-7;";"ЧП ""МобиЛАБ СЦ"". г. Минск, ул. Толбухина, 2А";12;2;4;Да;;Нет;;Нет;0;Нет;Нет
4601745;Оборудование для мастерской и системы хранения инструментов;Milwaukee;PackOut 4932480704;4932480704, 4058546409890;;39,96;BYN;Опт. Цены с НДС. Товары в наличии 1 шт, точное количество уточняйте. Цена действительна в день заказа. Доставка только в будние дни. Выходные дни в сроке заказа не учитываются.;Milwaukee;"ООО ""АйТи Дистрибуция"". Минский район, Боровлянский сельсовет, 103/3-7;";"ЧП ""МобиЛАБ СЦ"". г. Минск, ул. Толбухина, 2А";12;2;4;Да;;Нет;;Нет;0;Нет;Нет
4567318;Оборудование для мастерской и системы хранения инструментов;Milwaukee;PackOut 4932480706;4932480706, 4058546409913;;45,67;BYN;Опт. Цены с НДС. Товары в наличии 1 шт, точное количество уточняйте. Цена действительна в день заказа. Доставка только в будние дни. Выходные дни в сроке заказа не учитываются.;Milwaukee;"ООО ""АйТи Дистрибуция"". Минский район, Боровлянский сельсовет, 103/3-7;";"ЧП ""МобиЛАБ СЦ"". г. Минск, ул. Толбухина, 2А";12;2;4;Да;;Нет;;Нет;0;Нет;Нет
4567197;Оборудование для мастерской и системы хранения инструментов;Milwaukee;PackOut 4932480710;4932480710, 4058546409951;;68,50;BYN;Опт. Цены с НДС. Товары в наличии 1 шт, точное количество уточняйте. Цена действительна в день заказа. Доставка только в будние дни. Выходные дни в сроке заказа не учитываются.;Milwaukee;"ООО ""АйТи Дистрибуция"". Минский район, Боровлянский сельсовет, 103/3-7;";"ЧП ""МобиЛАБ СЦ"". г. Минск, ул. Толбухина, 2А";12;2;4;Да;;Нет;;Нет;0;Нет;Нет
4567198;Оборудование для мастерской и системы хранения инструментов;Milwaukee;PackOut 4932480711;4932480711, 4058546409968;;47,95;BYN;Опт. Цены с НДС. Товары в наличии 1 шт, точное количество уточняйте. Цена действительна в день заказа. Доставка только в будние дни. Выходные дни в сроке заказа не учитываются.;Milwaukee;"ООО ""АйТи Дистрибуция"". Минский район, Боровлянский сельсовет, 103/3-7;";"ЧП ""МобиЛАБ СЦ"". г. Минск, ул. Толбухина, 2А";12;2;4;Да;;Нет;;Нет;0;Нет;Нет
4569019;Оборудование для мастерской и системы хранения инструментов;Milwaukee;PackOut 4932480712;4932480712, 4058546409975;;180,38;BYN;Опт. Цены с НДС. Товары в наличии 1 шт, точное количество уточняйте. Цена действительна в день заказа. Доставка только в будние дни. Выходные дни в сроке заказа не учитываются.;Milwaukee;"ООО ""АйТи Дистрибуция"". Минский район, Боровлянский сельсовет, 103/3-7;";"ЧП ""МобиЛАБ СЦ"". г. Минск, ул. Толбухина, 2А";12;2;4;Да;;Нет;;Нет;0;Нет;Нет
4471679;Оборудование для мастерской и системы хранения инструментов;Milwaukee;Packout 4932480713;4932480713, 4058546409982;;71,93;BYN;Опт. Цены с НДС. Товары в наличии 1 шт, точное количество уточняйте. Цена действительна в день заказа. Доставка только в будние дни. Выходные дни в сроке заказа не учитываются.;Milwaukee;"ООО ""АйТи Дистрибуция"". Минский район, Боровлянский сельсовет, 103/3-7;";"ЧП ""МобиЛАБ СЦ"". г. Минск, ул. Толбухина, 2А";12;2;4;Да;;Нет;;Нет;0;Нет;Нет
4605848;Оборудование для мастерской и системы хранения инструментов;Milwaukee;PackOut 4932493377;4932493377;;70,78;BYN;Опт. Цены с НДС. Товары в наличии 1 шт, точное количество уточняйте. Цена действительна в день заказа. Доставка только в будние дни. Выходные дни в сроке заказа не учитываются.;Milwaukee;"ООО ""АйТи Дистрибуция"". Минский район, Боровлянский сельсовет, 103/3-7;";"ЧП ""МобиЛАБ СЦ"". г. Минск, ул. Толбухина, 2А";12;2;4;Да;;Нет;;Нет;0;Нет;Нет
4605849;Оборудование для мастерской и системы хранения инструментов;Milwaukee;PackOut 4932493378;4932493378;;155,27;BYN;Опт. Цены с НДС. Товары в наличии 1 шт, точное количество уточняйте. Цена действительна в день заказа. Доставка только в будние дни. Выходные дни в сроке заказа не учитываются.;Milwaukee;"ООО ""АйТи Дистрибуция"". Минский район, Боровлянский сельсовет, 103/3-7;";"ЧП ""МобиЛАБ СЦ"". г. Минск, ул. Толбухина, 2А";12;2;4;Да;;Нет;;Нет;0;Нет;Нет
4605852;Оборудование для мастерской и системы хранения инструментов;Milwaukee;PackOut 4932493469;4932493469, 4058546483401;;53,66;BYN;Опт. Цены с НДС. Товары в наличии 1 шт, точное количество уточняйте. Цена действительна в день заказа. Доставка только в будние дни. Выходные дни в сроке заказа не учитываются.;Milwaukee;"ООО ""АйТи Дистрибуция"". Минский район, Боровлянский сельсовет, 103/3-7;";"ЧП ""МобиЛАБ СЦ"". г. Минск, ул. Толбухина, 2А";12;2;4;Да;;Нет;;Нет;0;Нет;Нет
4605622;Оборудование для мастерской и системы хранения инструментов;Milwaukee;PackOut 4932493993;4932493993, 4058546511531;;100,47;BYN;Опт. Цены с НДС. Товары в наличии 1 шт, точное количество уточняйте. Цена действительна в день заказа. Доставка только в будние дни. Выходные дни в сроке заказа не учитываются.;Milwaukee;"ООО ""АйТи Дистрибуция"". Минский район, Боровлянский сельсовет, 103/3-7;";"ЧП ""МобиЛАБ СЦ"". г. Минск, ул. Толбухина, 2А";12;2;4;Да;;Нет;;Нет;0;Нет;Нет
4567312;Оборудование для мастерской и системы хранения инструментов;Milwaukee;PackOut BOX 4932480699;4932480699, 4058546409845;;60,51;BYN;Опт. Цены с НДС. Товары в наличии 1 шт, точное количество уточняйте. Цена действительна в день заказа. Доставка только в будние дни. Выходные дни в сроке заказа не учитываются.;Milwaukee;"ООО ""АйТи Дистрибуция"". Минский район, Боровлянский сельсовет, 103/3-7;";"ЧП ""МобиЛАБ СЦ"". г. Минск, ул. Толбухина, 2А";12;2;4;Да;;Нет;;Нет;0;Нет;Нет
4604645;Оборудование для мастерской и системы хранения инструментов;Milwaukee;PackOut E-Track 4932478996;4932478996, 4058546362782;;184,95;BYN;Опт. Цены с НДС. Товары в наличии 1 шт, точное количество уточняйте. Цена действительна в день заказа. Доставка только в будние дни. Выходные дни в сроке заказа не учитываются.;Milwaukee;"ООО ""АйТи Дистрибуция"". Минский район, Боровлянский сельсовет, 103/3-7;";"ЧП ""МобиЛАБ СЦ"". г. Минск, ул. Толбухина, 2А";12;2;4;Да;;Нет;;Нет;0;Нет;Нет
3548529;Оборудование для мастерской и системы хранения инструментов;Milwaukee;Packout Foam Insert 4932471428;4932471428;;94,76;BYN;Опт. Цены с НДС. Товары в наличии 1 шт, точное количество уточняйте. Цена действительна в день заказа. Доставка только в будние дни. Выходные дни в сроке заказа не учитываются.;Milwaukee;"ООО ""АйТи Дистрибуция"". Минский район, Боровлянский сельсовет, 103/3-7;";"ЧП ""МобиЛАБ СЦ"". г. Минск, ул. Толбухина, 2А";12;2;4;Да;;Нет;;Нет;0;Нет;Нет
1813080;Оборудование для мастерской и системы хранения инструментов;Milwaukee;PackOut Mounting Plate 4932471638;4932471638;;228,34;BYN;Опт. Цены с НДС. Товары в наличии 1 шт, точное количество уточняйте. Цена действительна в день заказа. Доставка только в будние дни. Выходные дни в сроке заказа не учитываются.;Milwaukee;"ООО ""АйТи Дистрибуция"". Минский район, Боровлянский сельсовет, 103/3-7;";"ЧП ""МобиЛАБ СЦ"". г. Минск, ул. Толбухина, 2А";12;2;4;Да;;Нет;;Нет;0;Нет;Нет
5079176;Оборудование для мастерской и системы хранения инструментов;Workpro;WP281076;WP281076;;100,55;BYN;Опт. Цены с НДС. Товары в наличии 1 шт, точное количество уточняйте. Цена действительна в день заказа. Доставка только в будние дни. Выходные дни в сроке заказа не учитываются.;Workpro;"ООО ""АйТи Дистрибуция"". Минский район, Боровлянский сельсовет, 103/3-7;";"ЧП ""МобиЛАБ СЦ"". г. Минск, ул. Толбухина, 2А";12;2;4;Да;;Нет;;Нет;0;Нет;Нет
5079177;Оборудование для мастерской и системы хранения инструментов;Workpro;WP281077;WP281077;;68,63;BYN;Опт. Цены с НДС. Товары в наличии 1 шт, точное количество уточняйте. Цена действительна в день заказа. Доставка только в будние дни. Выходные дни в сроке заказа не учитываются.;Workpro;"ООО ""АйТи Дистрибуция"". Минский район, Боровлянский сельсовет, 103/3-7;";"ЧП ""МобиЛАБ СЦ"". г. Минск, ул. Толбухина, 2А";12;2;4;Да;;Нет;;Нет;0;Нет;Нет
5064626;Оборудование для мастерской и системы хранения инструментов;Workpro;WP281078;WP281078;;64,84;BYN;Опт. Цены с НДС. Товары в наличии 1 шт, точное количество уточняйте. Цена действительна в день заказа. Доставка только в будние дни. Выходные дни в сроке заказа не учитываются.;Workpro;"ООО ""АйТи Дистрибуция"". Минский район, Боровлянский сельсовет, 103/3-7;";"ЧП ""МобиЛАБ СЦ"". г. Минск, ул. Толбухина, 2А";12;2;4;Да;;Нет;;Нет;0;Нет;Нет
5079178;Оборудование для мастерской и системы хранения инструментов;Workpro;WP281079;WP281079;;27,54;BYN;Опт. Цены с НДС. Товары в наличии 1 шт, точное количество уточняйте. Цена действительна в день заказа. Доставка только в будние дни. Выходные дни в сроке заказа не учитываются.;Workpro;"ООО ""АйТи Дистрибуция"". Минский район, Боровлянский сельсовет, 103/3-7;";"ЧП ""МобиЛАБ СЦ"". г. Минск, ул. Толбухина, 2А";12;2;4;Да;;Нет;;Нет;0;Нет;Нет
5064624;Оборудование для мастерской и системы хранения инструментов;Workpro;WP289021;WP289021;;22,37;BYN;Опт. Цены с НДС. Товары в наличии 1 шт, точное количество уточняйте. Цена действительна в день заказа. Доставка только в будние дни. Выходные дни в сроке заказа не учитываются.;Workpro;"ООО ""АйТи Дистрибуция"". Минский район, Боровлянский сельсовет, 103/3-7;";"ЧП ""МобиЛАБ СЦ"". г. Минск, ул. Толбухина, 2А";12;2;4;Да;;Нет;;Нет;0;Нет;Нет
5031493;Оборудование для мастерской и системы хранения инструментов;Workpro;WP314001;WP314001, 6914280004846;;16,67;BYN;Опт. Цены с НДС. Товары в наличии 1 шт, точное количество уточняйте. Цена действительна в день заказа. Доставка только в будние дни. Выходные дни в сроке заказа не учитываются.;Workpro;"ООО ""АйТи Дистрибуция"". Минский район, Боровлянский сельсовет, 103/3-7;";"ЧП ""МобиЛАБ СЦ"". г. Минск, ул. Толбухина, 2А";12;2;4;Да;;Нет;;Нет;0;Нет;Нет
5031492;Оборудование для мастерской и системы хранения инструментов;Workpro;WP314002;WP314002, 6914280004860;;34,79;BYN;Опт. Цены с НДС. Товары в наличии 1 шт, точное количество уточняйте. Цена действительна в день заказа. Доставка только в будние дни. Выходные дни в сроке заказа не учитываются.;Workpro;"ООО ""АйТи Дистрибуция"". Минский район, Боровлянский сельсовет, 103/3-7;";"ЧП ""МобиЛАБ СЦ"". г. Минск, ул. Толбухина, 2А";12;2;4;Да;;Нет;;Нет;0;Нет;Нет
5064627;Оборудование для мастерской и системы хранения инструментов;Workpro;WP433055;WP433055;;18,54;BYN;Опт. Цены с НДС. Товары в наличии 1 шт, точное количество уточняйте. Цена действительна в день заказа. Доставка только в будние дни. Выходные дни в сроке заказа не учитываются.;Workpro;"ООО ""АйТи Дистрибуция"". Минский район, Боровлянский сельсовет, 103/3-7;";"ЧП ""МобиЛАБ СЦ"". г. Минск, ул. Толбухина, 2А";12;2;4;Да;;Нет;;Нет;0;Нет;Нет
5064628;Оборудование для мастерской и системы хранения инструментов;Workpro;WP433056;WP433056;;27,89;BYN;Опт. Цены с НДС. Товары в наличии 1 шт, точное количество уточняйте. Цена действительна в день заказа. Доставка только в будние дни. Выходные дни в сроке заказа не учитываются.;Workpro;"ООО ""АйТи Дистрибуция"". Минский район, Боровлянский сельсовет, 103/3-7;";"ЧП ""МобиЛАБ СЦ"". г. Минск, ул. Толбухина, 2А";12;2;4;Да;;Нет;;Нет;0;Нет;Нет
4601149;Портативные зарядные устройства;Milwaukee;MX FUEL MXF PS-0 4933493922 (без АКБ);4933493922, 4058546510824;;10481,37;BYN;Опт. Цены с НДС. Товары в наличии 1 шт, точное количество уточняйте. Цена действительна в день заказа. Доставка только в будние дни. Выходные дни в сроке заказа не учитываются.;Milwaukee;"ООО ""АйТи Дистрибуция"". Минский район, Боровлянский сельсовет, 103/3-7;";"ЧП ""МобиЛАБ СЦ"". г. Минск, ул. Толбухина, 2А";12;2;4;Да;;Нет;;Нет;0;Нет;Нет
4952726;Принтеры чеков и этикеток;iDPRT;HM-T300 PRO;100601241;;869,95;BYN;Опт. Цены с НДС. Товары в наличии 1 шт, точное количество уточняйте. Цена действительна в день заказа. Доставка только в будние дни. Выходные дни в сроке заказа не учитываются.;iDPRT;"ООО ""АйТи Дистрибуция"". Минский район, Боровлянский сельсовет, 103/3-7;";"ЧП ""МобиЛАБ СЦ"". г. Минск, ул. Толбухина, 2А";12;2;4;Да;;Нет;;Нет;0;Нет;Нет
5065102;Принтеры чеков и этикеток;iDPRT;iD2X 100600670;100600670;;462,81;BYN;Опт. Цены с НДС. Товары в наличии 1 шт, точное количество уточняйте. Цена действительна в день заказа. Доставка только в будние дни. Выходные дни в сроке заказа не учитываются.;iDPRT;"ООО ""АйТи Дистрибуция"". Минский район, Боровлянский сельсовет, 103/3-7;";"ЧП ""МобиЛАБ СЦ"". г. Минск, ул. Толбухина, 2А";12;2;4;Да;;Нет;;Нет;0;Нет;Нет
4952731;Принтеры чеков и этикеток;iDPRT;iD888;100601729;;299,26;BYN;Опт. Цены с НДС. Товары в наличии 1 шт, точное количество уточняйте. Цена действительна в день заказа. Доставка только в будние дни. Выходные дни в сроке заказа не учитываются.;iDPRT;"ООО ""АйТи Дистрибуция"". Минский район, Боровлянский сельсовет, 103/3-7;";"ЧП ""МобиЛАБ СЦ"". г. Минск, ул. Толбухина, 2А";12;2;4;Да;;Нет;;Нет;0;Нет;Нет
4952732;Принтеры чеков и этикеток;iDPRT;iF4 100700560;100700560;;431,49;BYN;Опт. Цены с НДС. Товары в наличии 1 шт, точное количество уточняйте. Цена действительна в день заказа. Доставка только в будние дни. Выходные дни в сроке заказа не учитываются.;iDPRT;"ООО ""АйТи Дистрибуция"". Минский район, Боровлянский сельсовет, 103/3-7;";"ЧП ""МобиЛАБ СЦ"". г. Минск, ул. Толбухина, 2А";12;2;4;Да;;Нет;;Нет;0;Нет;Нет
4952733;Принтеры чеков и этикеток;iDPRT;iF4 100700590;100700590;;511,53;BYN;Опт. Цены с НДС. Товары в наличии 1 шт, точное количество уточняйте. Цена действительна в день заказа. Доставка только в будние дни. Выходные дни в сроке заказа не учитываются.;iDPRT;"ООО ""АйТи Дистрибуция"". Минский район, Боровлянский сельсовет, 103/3-7;";"ЧП ""МобиЛАБ СЦ"". г. Минск, ул. Толбухина, 2А";12;2;4;Да;;Нет;;Нет;0;Нет;Нет
4952734;Принтеры чеков и этикеток;iDPRT;iQ4 100700606;100700606;;1980,63;BYN;Опт. Цены с НДС. Товары в наличии 1 шт, точное количество уточняйте. Цена действительна в день заказа. Доставка только в будние дни. Выходные дни в сроке заказа не учитываются.;iDPRT;"ООО ""АйТи Дистрибуция"". Минский район, Боровлянский сельсовет, 103/3-7;";"ЧП ""МобиЛАБ СЦ"". г. Минск, ул. Толбухина, 2А";12;2;4;Да;;Нет;;Нет;0;Нет;Нет
4952736;Принтеры чеков и этикеток;iDPRT;iX4L 100700101;100700101;;1749,16;BYN;Опт. Цены с НДС. Товары в наличии 1 шт, точное количество уточняйте. Цена действительна в день заказа. Доставка только в будние дни. Выходные дни в сроке заказа не учитываются.;iDPRT;"ООО ""АйТи Дистрибуция"". Минский район, Боровлянский сельсовет, 103/3-7;";"ЧП ""МобиЛАБ СЦ"". г. Минск, ул. Толбухина, 2А";12;2;4;Да;;Нет;;Нет;0;Нет;Нет
4952737;Принтеры чеков и этикеток;iDPRT;iX4L 100700102;100700102;;2089,96;BYN;Опт. Цены с НДС. Товары в наличии 1 шт, точное количество уточняйте. Цена действительна в день заказа. Доставка только в будние дни. Выходные дни в сроке заказа не учитываются.;iDPRT;"ООО ""АйТи Дистрибуция"". Минский район, Боровлянский сельсовет, 103/3-7;";"ЧП ""МобиЛАБ СЦ"". г. Минск, ул. Толбухина, 2А";12;2;4;Да;;Нет;;Нет;0;Нет;Нет
4952777;Принтеры чеков и этикеток;iDPRT;iX4P 100700095;100700095;;3170,31;BYN;Опт. Цены с НДС. Товары в наличии 1 шт, точное количество уточняйте. Цена действительна в день заказа. Доставка только в будние дни. Выходные дни в сроке заказа не учитываются.;iDPRT;"ООО ""АйТи Дистрибуция"". Минский район, Боровлянский сельсовет, 103/3-7;";"ЧП ""МобиЛАБ СЦ"". г. Минск, ул. Толбухина, 2А";12;2;4;Да;;Нет;;Нет;0;Нет;Нет
5065108;Принтеры чеков и этикеток;iDPRT;SP900 100601596;100601596;;452,37;BYN;Опт. Цены с НДС. Товары в наличии 1 шт, точное количество уточняйте. Цена действительна в день заказа. Доставка только в будние дни. Выходные дни в сроке заказа не учитываются.;iDPRT;"ООО ""АйТи Дистрибуция"". Минский район, Боровлянский сельсовет, 103/3-7;";"ЧП ""МобиЛАБ СЦ"". г. Минск, ул. Толбухина, 2А";12;2;4;Да;;Нет;;Нет;0;Нет;Нет
2817920;Розетки, выключатели;Dahua;DH-VTM114;DH-VTM114;;101,12;BYN;Опт. Цены с НДС. Товары в наличии 1 шт, точное количество уточняйте. Цена действительна в день заказа. Доставка только в будние дни. Выходные дни в сроке заказа не учитываются.;Жейанг Дахуа Технолоджи Ко. ЛТД. № 1199, ОГРН Сиань-Роуд, район Биньцзян Ханчжоу;"ООО ""АйТи Дистрибуция"". Минский район, Боровлянский сельсовет, 103/3-7;";"ЧП ""МобиЛАБ СЦ"". г. Минск, ул. Толбухина, 2А";12;2;4;Да;;Нет;;Нет;0;Нет;Нет
2817922;Розетки, выключатели;Dahua;DH-VTM115;DH-VTM115;;82,64;BYN;Опт. Цены с НДС. Товары в наличии 1 шт, точное количество уточняйте. Цена действительна в день заказа. Доставка только в будние дни. Выходные дни в сроке заказа не учитываются.;Жейанг Дахуа Технолоджи Ко. ЛТД. № 1199, ОГРН Сиань-Роуд, район Биньцзян Ханчжоу;"ООО ""АйТи Дистрибуция"". Минский район, Боровлянский сельсовет, 103/3-7;";"ЧП ""МобиЛАБ СЦ"". г. Минск, ул. Толбухина, 2А";12;2;4;Да;;Нет;;Нет;0;Нет;Нет
4448850;Садовый инструмент;Milwaukee;Packout 4932480714;4932480714;;207,89;BYN;Опт. Цены с НДС. Товары в наличии 1 шт, точное количество уточняйте. Цена действительна в день заказа. Доставка только в будние дни. Выходные дни в сроке заказа не учитываются.;Milwaukee;"ООО ""АйТи Дистрибуция"". Минский район, Боровлянский сельсовет, 103/3-7;";"ЧП ""МобиЛАБ СЦ"". г. Минск, ул. Толбухина, 2А";12;2;4;Да;;Нет;;Нет;0;Нет;Нет
4803448;Системы охлаждения;DeepCool;Вентилятор для корпуса DeepCool CG530 R-EDF120-BKAPP17-G-1; R-EDF120-BKAPP17-G-1;;24;BYN;Цена включает НДС. В наличии 3шт. Доставка только в будние дни. Выходные дни в сроке заказа не учитываются;Deepcool Industries Co., Ltd., Beijing, China;"""ООО """"АйТи Дистрибуция"""". Минский район, Боровлянский сельсовет, 103/3-7;";"ЧП """"МобиЛАБ СЦ"""". г. Минск, ул. Толбухина, 2А""";6;2;4;да;;нет;;нет;0;нет;нет
4589554;Ноутбуки;ID-Cooling;Кулер для процессора ID-Cooling IS-30A Black;IS-30A Black;;39;BYN;Цена включает НДС. В наличии 8шт. Доставка только в будние дни. Выходные дни в сроке заказа не учитываются;ID-Cooling;"""ООО """"АйТи Дистрибуция"""". Минский район, Боровлянский сельсовет, 103/3-7;";"ЧП """"МобиЛАБ СЦ"""". г. Минск, ул. Толбухина, 2А""";6;2;4;да;;нет;;нет;0;нет;нет
4954150;Сканеры штрих-кодов;iDPRT;HN-3308SR-000R;102500214;;111,20;BYN;Опт. Цены с НДС. Товары в наличии 1 шт, точное количество уточняйте. Цена действительна в день заказа. Доставка только в будние дни. Выходные дни в сроке заказа не учитываются.;iDPRT;"ООО ""АйТи Дистрибуция"". Минский район, Боровлянский сельсовет, 103/3-7;";"ЧП ""МобиЛАБ СЦ"". г. Минск, ул. Толбухина, 2А";12;2;4;Да;;Нет;;Нет;0;Нет;Нет
4954152;Сканеры штрих-кодов;iDPRT;HN-7208HD-000R;102500217;;293,08;BYN;Опт. Цены с НДС. Товары в наличии 1 шт, точное количество уточняйте. Цена действительна в день заказа. Доставка только в будние дни. Выходные дни в сроке заказа не учитываются.;iDPRT;"ООО ""АйТи Дистрибуция"". Минский район, Боровлянский сельсовет, 103/3-7;";"ЧП ""МобиЛАБ СЦ"". г. Минск, ул. Толбухина, 2А";12;2;4;Да;;Нет;;Нет;0;Нет;Нет
4954154;Сканеры штрих-кодов;iDPRT;HP-2208SR;102500070;;173,28;BYN;Опт. Цены с НДС. Товары в наличии 1 шт, точное количество уточняйте. Цена действительна в день заказа. Доставка только в будние дни. Выходные дни в сроке заказа не учитываются.;iDPRT;"ООО ""АйТи Дистрибуция"". Минский район, Боровлянский сельсовет, 103/3-7;";"ЧП ""МобиЛАБ СЦ"". г. Минск, ул. Толбухина, 2А";12;2;4;Да;;Нет;;Нет;0;Нет;Нет
5030007;Строительный, слесарный, монтажный инструмент;DeWalt;DWHT25227-0;DWHT25227-0;;83,99;BYN;Опт. Цены с НДС. Товары в наличии 1 шт, точное количество уточняйте. Цена действительна в день заказа. Доставка только в будние дни. Выходные дни в сроке заказа не учитываются.;DeWalt;"ООО ""АйТи Дистрибуция"". Минский район, Боровлянский сельсовет, 103/3-7;";"ЧП ""МобиЛАБ СЦ"". г. Минск, ул. Толбухина, 2А";12;2;4;Да;;Нет;;Нет;0;Нет;Нет
5030010;Строительный, слесарный, монтажный инструмент;DeWalt;DWHT36928-0;DWHT36928-0;;147,50;BYN;Опт. Цены с НДС. Товары в наличии 1 шт, точное количество уточняйте. Цена действительна в день заказа. Доставка только в будние дни. Выходные дни в сроке заказа не учитываются.;DeWalt;"ООО ""АйТи Дистрибуция"". Минский район, Боровлянский сельсовет, 103/3-7;";"ЧП ""МобиЛАБ СЦ"". г. Минск, ул. Толбухина, 2А";12;2;4;Да;;Нет;;Нет;0;Нет;Нет
4513690;Строительный, слесарный, монтажный инструмент;Milwaukee;48225103;48225103;;183,18;BYN;Опт. Цены с НДС. Товары в наличии 1 шт, точное количество уточняйте. Цена действительна в день заказа. Доставка только в будние дни. Выходные дни в сроке заказа не учитываются.;Milwaukee;"ООО ""АйТи Дистрибуция"". Минский район, Боровлянский сельсовет, 103/3-7;";"ЧП ""МобиЛАБ СЦ"". г. Минск, ул. Толбухина, 2А";12;2;4;Да;;Нет;;Нет;0;Нет;Нет
3896738;Строительный, слесарный, монтажный инструмент;Milwaukee;48225203;48225203;;265,72;BYN;Опт. Цены с НДС. Товары в наличии 1 шт, точное количество уточняйте. Цена действительна в день заказа. Доставка только в будние дни. Выходные дни в сроке заказа не учитываются.;Milwaukee;"ООО ""АйТи Дистрибуция"". Минский район, Боровлянский сельсовет, 103/3-7;";"ЧП ""МобиЛАБ СЦ"". г. Минск, ул. Толбухина, 2А";12;2;4;Да;;Нет;;Нет;0;Нет;Нет
4566224;Строительный, слесарный, монтажный инструмент;Milwaukee;48225330;48225330, 045242527731;;144,73;BYN;Опт. Цены с НДС. Товары в наличии 1 шт, точное количество уточняйте. Цена действительна в день заказа. Доставка только в будние дни. Выходные дни в сроке заказа не учитываются.;Milwaukee;"ООО ""АйТи Дистрибуция"". Минский район, Боровлянский сельсовет, 103/3-7;";"ЧП ""МобиЛАБ СЦ"". г. Минск, ул. Толбухина, 2А";12;2;4;Да;;Нет;;Нет;0;Нет;Нет
4513691;Строительный, слесарный, монтажный инструмент;Milwaukee;48225360;48225360;;248,76;BYN;Опт. Цены с НДС. Товары в наличии 1 шт, точное количество уточняйте. Цена действительна в день заказа. Доставка только в будние дни. Выходные дни в сроке заказа не учитываются.;Milwaukee;"ООО ""АйТи Дистрибуция"". Минский район, Боровлянский сельсовет, 103/3-7;";"ЧП ""МобиЛАБ СЦ"". г. Минск, ул. Толбухина, 2А";12;2;4;Да;;Нет;;Нет;0;Нет;Нет
4547063;Строительный, слесарный, монтажный инструмент;Milwaukee;48226602;48226602;;49,75;BYN;Опт. Цены с НДС. Товары в наличии 1 шт, точное количество уточняйте. Цена действительна в день заказа. Доставка только в будние дни. Выходные дни в сроке заказа не учитываются.;Milwaukee;"ООО ""АйТи Дистрибуция"". Минский район, Боровлянский сельсовет, 103/3-7;";"ЧП ""МобиЛАБ СЦ"". г. Минск, ул. Толбухина, 2А";12;2;4;Да;;Нет;;Нет;0;Нет;Нет
4513704;Строительный, слесарный, монтажный инструмент;Milwaukee;48227717;48227717;;55,41;BYN;Опт. Цены с НДС. Товары в наличии 1 шт, точное количество уточняйте. Цена действительна в день заказа. Доставка только в будние дни. Выходные дни в сроке заказа не учитываются.;Milwaukee;"ООО ""АйТи Дистрибуция"". Минский район, Боровлянский сельсовет, 103/3-7;";"ЧП ""МобиЛАБ СЦ"". г. Минск, ул. Толбухина, 2А";12;2;4;Да;;Нет;;Нет;0;Нет;Нет
4513705;Строительный, слесарный, монтажный инструмент;Milwaukee;48227726;48227726;;58,80;BYN;Опт. Цены с НДС. Товары в наличии 1 шт, точное количество уточняйте. Цена действительна в день заказа. Доставка только в будние дни. Выходные дни в сроке заказа не учитываются.;Milwaukee;"ООО ""АйТи Дистрибуция"". Минский район, Боровлянский сельсовет, 103/3-7;";"ЧП ""МобиЛАБ СЦ"". г. Минск, ул. Толбухина, 2А";12;2;4;Да;;Нет;;Нет;0;Нет;Нет
4513724;Строительный, слесарный, монтажный инструмент;Milwaukee;4932459067;4932459067;;532,58;BYN;Опт. Цены с НДС. Товары в наличии 1 шт, точное количество уточняйте. Цена действительна в день заказа. Доставка только в будние дни. Выходные дни в сроке заказа не учитываются.;Milwaukee;"ООО ""АйТи Дистрибуция"". Минский район, Боровлянский сельсовет, 103/3-7;";"ЧП ""МобиЛАБ СЦ"". г. Минск, ул. Толбухина, 2А";12;2;4;Да;;Нет;;Нет;0;Нет;Нет
4096673;Строительный, слесарный, монтажный инструмент;Milwaukee;4932459069;4932459069;;582,33;BYN;Опт. Цены с НДС. Товары в наличии 1 шт, точное количество уточняйте. Цена действительна в день заказа. Доставка только в будние дни. Выходные дни в сроке заказа не учитываются.;Milwaukee;"ООО ""АйТи Дистрибуция"". Минский район, Боровлянский сельсовет, 103/3-7;";"ЧП ""МобиЛАБ СЦ"". г. Минск, ул. Толбухина, 2А";12;2;4;Да;;Нет;;Нет;0;Нет;Нет
4096674;Строительный, слесарный, монтажный инструмент;Milwaukee;4932459078;4932459078;;241,98;BYN;Опт. Цены с НДС. Товары в наличии 1 шт, точное количество уточняйте. Цена действительна в день заказа. Доставка только в будние дни. Выходные дни в сроке заказа не учитываются.;Milwaukee;"ООО ""АйТи Дистрибуция"". Минский район, Боровлянский сельсовет, 103/3-7;";"ЧП ""МобиЛАБ СЦ"". г. Минск, ул. Толбухина, 2А";12;2;4;Да;;Нет;;Нет;0;Нет;Нет
4513727;Строительный, слесарный, монтажный инструмент;Milwaukee;4932459079;4932459079;;271,38;BYN;Опт. Цены с НДС. Товары в наличии 1 шт, точное количество уточняйте. Цена действительна в день заказа. Доставка только в будние дни. Выходные дни в сроке заказа не учитываются.;Milwaukee;"ООО ""АйТи Дистрибуция"". Минский район, Боровлянский сельсовет, 103/3-7;";"ЧП ""МобиЛАБ СЦ"". г. Минск, ул. Толбухина, 2А";12;2;4;Да;;Нет;;Нет;0;Нет;Нет
4096675;Строительный, слесарный, монтажный инструмент;Milwaukee;4932459080;4932459080;;260,07;BYN;Опт. Цены с НДС. Товары в наличии 1 шт, точное количество уточняйте. Цена действительна в день заказа. Доставка только в будние дни. Выходные дни в сроке заказа не учитываются.;Milwaukee;"ООО ""АйТи Дистрибуция"". Минский район, Боровлянский сельсовет, 103/3-7;";"ЧП ""МобиЛАБ СЦ"". г. Минск, ул. Толбухина, 2А";12;2;4;Да;;Нет;;Нет;0;Нет;Нет
4513728;Строительный, слесарный, монтажный инструмент;Milwaukee;4932459081;4932459081;;300,78;BYN;Опт. Цены с НДС. Товары в наличии 1 шт, точное количество уточняйте. Цена действительна в день заказа. Доставка только в будние дни. Выходные дни в сроке заказа не учитываются.;Milwaukee;"ООО ""АйТи Дистрибуция"". Минский район, Боровлянский сельсовет, 103/3-7;";"ЧП ""МобиЛАБ СЦ"". г. Минск, ул. Толбухина, 2А";12;2;4;Да;;Нет;;Нет;0;Нет;Нет
4513729;Строительный, слесарный, монтажный инструмент;Milwaukee;4932459082;4932459082;;264,59;BYN;Опт. Цены с НДС. Товары в наличии 1 шт, точное количество уточняйте. Цена действительна в день заказа. Доставка только в будние дни. Выходные дни в сроке заказа не учитываются.;Milwaukee;"ООО ""АйТи Дистрибуция"". Минский район, Боровлянский сельсовет, 103/3-7;";"ЧП ""МобиЛАБ СЦ"". г. Минск, ул. Толбухина, 2А";12;2;4;Да;;Нет;;Нет;0;Нет;Нет
4513725;Строительный, слесарный, монтажный инструмент;Milwaukee;4932459087;4932459087;;407,06;BYN;Опт. Цены с НДС. Товары в наличии 1 шт, точное количество уточняйте. Цена действительна в день заказа. Доставка только в будние дни. Выходные дни в сроке заказа не учитываются.;Milwaukee;"ООО ""АйТи Дистрибуция"". Минский район, Боровлянский сельсовет, 103/3-7;";"ЧП ""МобиЛАБ СЦ"". г. Минск, ул. Толбухина, 2А";12;2;4;Да;;Нет;;Нет;0;Нет;Нет
4513726;Строительный, слесарный, монтажный инструмент;Milwaukee;4932459088;4932459088;;452,29;BYN;Опт. Цены с НДС. Товары в наличии 1 шт, точное количество уточняйте. Цена действительна в день заказа. Доставка только в будние дни. Выходные дни в сроке заказа не учитываются.;Milwaukee;"ООО ""АйТи Дистрибуция"". Минский район, Боровлянский сельсовет, 103/3-7;";"ЧП ""МобиЛАБ СЦ"". г. Минск, ул. Толбухина, 2А";12;2;4;Да;;Нет;;Нет;0;Нет;Нет
4513734;Строительный, слесарный, монтажный инструмент;Milwaukee;4932459090;4932459090;;67,84;BYN;Опт. Цены с НДС. Товары в наличии 1 шт, точное количество уточняйте. Цена действительна в день заказа. Доставка только в будние дни. Выходные дни в сроке заказа не учитываются.;Milwaukee;"ООО ""АйТи Дистрибуция"". Минский район, Боровлянский сельсовет, 103/3-7;";"ЧП ""МобиЛАБ СЦ"". г. Минск, ул. Толбухина, 2А";12;2;4;Да;;Нет;;Нет;0;Нет;Нет
4513736;Строительный, слесарный, монтажный инструмент;Milwaukee;4932459091;4932459091;;83,67;BYN;Опт. Цены с НДС. Товары в наличии 1 шт, точное количество уточняйте. Цена действительна в день заказа. Доставка только в будние дни. Выходные дни в сроке заказа не учитываются.;Milwaukee;"ООО ""АйТи Дистрибуция"". Минский район, Боровлянский сельсовет, 103/3-7;";"ЧП ""МобиЛАБ СЦ"". г. Минск, ул. Толбухина, 2А";12;2;4;Да;;Нет;;Нет;0;Нет;Нет
4513738;Строительный, слесарный, монтажный инструмент;Milwaukee;4932459092;4932459092;;100,64;BYN;Опт. Цены с НДС. Товары в наличии 1 шт, точное количество уточняйте. Цена действительна в день заказа. Доставка только в будние дни. Выходные дни в сроке заказа не учитываются.;Milwaukee;"ООО ""АйТи Дистрибуция"". Минский район, Боровлянский сельсовет, 103/3-7;";"ЧП ""МобиЛАБ СЦ"". г. Минск, ул. Толбухина, 2А";12;2;4;Да;;Нет;;Нет;0;Нет;Нет
4096678;Строительный, слесарный, монтажный инструмент;Milwaukee;4932459093;4932459093;;100,64;BYN;Опт. Цены с НДС. Товары в наличии 1 шт, точное количество уточняйте. Цена действительна в день заказа. Доставка только в будние дни. Выходные дни в сроке заказа не учитываются.;Milwaukee;"ООО ""АйТи Дистрибуция"". Минский район, Боровлянский сельсовет, 103/3-7;";"ЧП ""МобиЛАБ СЦ"". г. Минск, ул. Толбухина, 2А";12;2;4;Да;;Нет;;Нет;0;Нет;Нет
4513731;Строительный, слесарный, монтажный инструмент;Milwaukee;4932459094;4932459094;;130,03;BYN;Опт. Цены с НДС. Товары в наличии 1 шт, точное количество уточняйте. Цена действительна в день заказа. Доставка только в будние дни. Выходные дни в сроке заказа не учитываются.;Milwaukee;"ООО ""АйТи Дистрибуция"". Минский район, Боровлянский сельсовет, 103/3-7;";"ЧП ""МобиЛАБ СЦ"". г. Минск, ул. Толбухина, 2А";12;2;4;Да;;Нет;;Нет;0;Нет;Нет
4096676;Строительный, слесарный, монтажный инструмент;Milwaukee;4932459095;4932459095;;175,26;BYN;Опт. Цены с НДС. Товары в наличии 1 шт, точное количество уточняйте. Цена действительна в день заказа. Доставка только в будние дни. Выходные дни в сроке заказа не учитываются.;Milwaukee;"ООО ""АйТи Дистрибуция"". Минский район, Боровлянский сельсовет, 103/3-7;";"ЧП ""МобиЛАБ СЦ"". г. Минск, ул. Толбухина, 2А";12;2;4;Да;;Нет;;Нет;0;Нет;Нет
4513739;Строительный, слесарный, монтажный инструмент;Milwaukee;4932459096;4932459096;;263,46;BYN;Опт. Цены с НДС. Товары в наличии 1 шт, точное количество уточняйте. Цена действительна в день заказа. Доставка только в будние дни. Выходные дни в сроке заказа не учитываются.;Milwaukee;"ООО ""АйТи Дистрибуция"". Минский район, Боровлянский сельсовет, 103/3-7;";"ЧП ""МобиЛАБ СЦ"". г. Минск, ул. Толбухина, 2А";12;2;4;Да;;Нет;;Нет;0;Нет;Нет
4513721;Строительный, слесарный, монтажный инструмент;Milwaukee;4932459099;4932459099;;226,15;BYN;Опт. Цены с НДС. Товары в наличии 1 шт, точное количество уточняйте. Цена действительна в день заказа. Доставка только в будние дни. Выходные дни в сроке заказа не учитываются.;Milwaukee;"ООО ""АйТи Дистрибуция"". Минский район, Боровлянский сельсовет, 103/3-7;";"ЧП ""МобиЛАБ СЦ"". г. Минск, ул. Толбухина, 2А";12;2;4;Да;;Нет;;Нет;0;Нет;Нет
4513719;Строительный, слесарный, монтажный инструмент;Milwaukee;4932459100;4932459100;;39,58;BYN;Опт. Цены с НДС. Товары в наличии 1 шт, точное количество уточняйте. Цена действительна в день заказа. Доставка только в будние дни. Выходные дни в сроке заказа не учитываются.;Milwaukee;"ООО ""АйТи Дистрибуция"". Минский район, Боровлянский сельсовет, 103/3-7;";"ЧП ""МобиЛАБ СЦ"". г. Минск, ул. Толбухина, 2А";12;2;4;Да;;Нет;;Нет;0;Нет;Нет
4566232;Строительный, слесарный, монтажный инструмент;Milwaukee;4932459301;4932459301;;80,28;BYN;Опт. Цены с НДС. Товары в наличии 1 шт, точное количество уточняйте. Цена действительна в день заказа. Доставка только в будние дни. Выходные дни в сроке заказа не учитываются.;Milwaukee;"ООО ""АйТи Дистрибуция"". Минский район, Боровлянский сельсовет, 103/3-7;";"ЧП ""МобиЛАБ СЦ"". г. Минск, ул. Толбухина, 2А";12;2;4;Да;;Нет;;Нет;0;Нет;Нет
4601760;Строительный, слесарный, монтажный инструмент;Milwaukee;4932459303;4932459303;;24,88;BYN;Опт. Цены с НДС. Товары в наличии 1 шт, точное количество уточняйте. Цена действительна в день заказа. Доставка только в будние дни. Выходные дни в сроке заказа не учитываются.;Milwaukee;"ООО ""АйТи Дистрибуция"". Минский район, Боровлянский сельсовет, 103/3-7;";"ЧП ""МобиЛАБ СЦ"". г. Минск, ул. Толбухина, 2А";12;2;4;Да;;Нет;;Нет;0;Нет;Нет
4513733;Строительный, слесарный, монтажный инструмент;Milwaukee;4932459590;4932459590;;195,62;BYN;Опт. Цены с НДС. Товары в наличии 1 шт, точное количество уточняйте. Цена действительна в день заказа. Доставка только в будние дни. Выходные дни в сроке заказа не учитываются.;Milwaukee;"ООО ""АйТи Дистрибуция"". Минский район, Боровлянский сельсовет, 103/3-7;";"ЧП ""МобиЛАБ СЦ"". г. Минск, ул. Толбухина, 2А";12;2;4;Да;;Нет;;Нет;0;Нет;Нет
4513700;Строительный, слесарный, монтажный инструмент;Milwaukee;4932459595;4932459595;;63,32;BYN;Опт. Цены с НДС. Товары в наличии 1 шт, точное количество уточняйте. Цена действительна в день заказа. Доставка только в будние дни. Выходные дни в сроке заказа не учитываются.;Milwaukee;"ООО ""АйТи Дистрибуция"". Минский район, Боровлянский сельсовет, 103/3-7;";"ЧП ""МобиЛАБ СЦ"". г. Минск, ул. Толбухина, 2А";12;2;4;Да;;Нет;;Нет;0;Нет;Нет
4513702;Строительный, слесарный, монтажный инструмент;Milwaukee;4932459596;4932459596;;70,11;BYN;Опт. Цены с НДС. Товары в наличии 1 шт, точное количество уточняйте. Цена действительна в день заказа. Доставка только в будние дни. Выходные дни в сроке заказа не учитываются.;Milwaukee;"ООО ""АйТи Дистрибуция"". Минский район, Боровлянский сельсовет, 103/3-7;";"ЧП ""МобиЛАБ СЦ"". г. Минск, ул. Толбухина, 2А";12;2;4;Да;;Нет;;Нет;0;Нет;Нет
4513741;Строительный, слесарный, монтажный инструмент;Milwaukee;4932459597;4932459597;;111,94;BYN;Опт. Цены с НДС. Товары в наличии 1 шт, точное количество уточняйте. Цена действительна в день заказа. Доставка только в будние дни. Выходные дни в сроке заказа не учитываются.;Milwaukee;"ООО ""АйТи Дистрибуция"". Минский район, Боровлянский сельсовет, 103/3-7;";"ЧП ""МобиЛАБ СЦ"". г. Минск, ул. Толбухина, 2А";12;2;4;Да;;Нет;;Нет;0;Нет;Нет
4646725;Строительный, слесарный, монтажный инструмент;Milwaukee;4932459680;4932459680, 4058546028527;;33,92;BYN;Опт. Цены с НДС. Товары в наличии 1 шт, точное количество уточняйте. Цена действительна в день заказа. Доставка только в будние дни. Выходные дни в сроке заказа не учитываются.;Milwaukee;"ООО ""АйТи Дистрибуция"". Минский район, Боровлянский сельсовет, 103/3-7;";"ЧП ""МобиЛАБ СЦ"". г. Минск, ул. Толбухина, 2А";12;2;4;Да;;Нет;;Нет;0;Нет;Нет
4646726;Строительный, слесарный, монтажный инструмент;Milwaukee;4932459681;4932459681, 4058546028534;;36,18;BYN;Опт. Цены с НДС. Товары в наличии 1 шт, точное количество уточняйте. Цена действительна в день заказа. Доставка только в будние дни. Выходные дни в сроке заказа не учитываются.;Milwaukee;"ООО ""АйТи Дистрибуция"". Минский район, Боровлянский сельсовет, 103/3-7;";"ЧП ""МобиЛАБ СЦ"". г. Минск, ул. Толбухина, 2А";12;2;4;Да;;Нет;;Нет;0;Нет;Нет
4513732;Строительный, слесарный, монтажный инструмент;Milwaukee;4932464857;4932464857;;222,75;BYN;Опт. Цены с НДС. Товары в наличии 1 шт, точное количество уточняйте. Цена действительна в день заказа. Доставка только в будние дни. Выходные дни в сроке заказа не учитываются.;Milwaukee;"ООО ""АйТи Дистрибуция"". Минский район, Боровлянский сельсовет, 103/3-7;";"ЧП ""МобиЛАБ СЦ"". г. Минск, ул. Толбухина, 2А";12;2;4;Да;;Нет;;Нет;0;Нет;Нет
4513706;Строительный, слесарный, монтажный инструмент;Milwaukee;4932471627;4932471627;;162,83;BYN;Опт. Цены с НДС. Товары в наличии 1 шт, точное количество уточняйте. Цена действительна в день заказа. Доставка только в будние дни. Выходные дни в сроке заказа не учитываются.;Milwaukee;"ООО ""АйТи Дистрибуция"". Минский район, Боровлянский сельсовет, 103/3-7;";"ЧП ""МобиЛАБ СЦ"". г. Минск, ул. Толбухина, 2А";12;2;4;Да;;Нет;;Нет;0;Нет;Нет
4096679;Строительный, слесарный, монтажный инструмент;Milwaukee;4932471628;4932471628;;132,30;BYN;Опт. Цены с НДС. Товары в наличии 1 шт, точное количество уточняйте. Цена действительна в день заказа. Доставка только в будние дни. Выходные дни в сроке заказа не учитываются.;Milwaukee;"ООО ""АйТи Дистрибуция"". Минский район, Боровлянский сельсовет, 103/3-7;";"ЧП ""МобиЛАБ СЦ"". г. Минск, ул. Толбухина, 2А";12;2;4;Да;;Нет;;Нет;0;Нет;Нет
4569031;Строительный, слесарный, монтажный инструмент;Milwaukee;4932471634;4932471634, 4058546295332;;165,09;BYN;Опт. Цены с НДС. Товары в наличии 1 шт, точное количество уточняйте. Цена действительна в день заказа. Доставка только в будние дни. Выходные дни в сроке заказа не учитываются.;Milwaukee;"ООО ""АйТи Дистрибуция"". Минский район, Боровлянский сельсовет, 103/3-7;";"ЧП ""МобиЛАБ СЦ"". г. Минск, ул. Толбухина, 2А";12;2;4;Да;;Нет;;Нет;0;Нет;Нет
4569033;Строительный, слесарный, монтажный инструмент;Milwaukee;4932471636;4932471636, 4058546295356;;59,93;BYN;Опт. Цены с НДС. Товары в наличии 1 шт, точное количество уточняйте. Цена действительна в день заказа. Доставка только в будние дни. Выходные дни в сроке заказа не учитываются.;Milwaukee;"ООО ""АйТи Дистрибуция"". Минский район, Боровлянский сельсовет, 103/3-7;";"ЧП ""МобиЛАБ СЦ"". г. Минск, ул. Толбухина, 2А";12;2;4;Да;;Нет;;Нет;0;Нет;Нет
4513696;Строительный, слесарный, монтажный инструмент;Milwaukee;4932471816;4932471816;;135,69;BYN;Опт. Цены с НДС. Товары в наличии 1 шт, точное количество уточняйте. Цена действительна в день заказа. Доставка только в будние дни. Выходные дни в сроке заказа не учитываются.;Milwaukee;"ООО ""АйТи Дистрибуция"". Минский район, Боровлянский сельсовет, 103/3-7;";"ЧП ""МобиЛАБ СЦ"". г. Минск, ул. Толбухина, 2А";12;2;4;Да;;Нет;;Нет;0;Нет;Нет
4513695;Строительный, слесарный, монтажный инструмент;Milwaukee;4932471817;4932471817;;101,77;BYN;Опт. Цены с НДС. Товары в наличии 1 шт, точное количество уточняйте. Цена действительна в день заказа. Доставка только в будние дни. Выходные дни в сроке заказа не учитываются.;Milwaukee;"ООО ""АйТи Дистрибуция"". Минский район, Боровлянский сельсовет, 103/3-7;";"ЧП ""МобиЛАБ СЦ"". г. Минск, ул. Толбухина, 2А";12;2;4;Да;;Нет;;Нет;0;Нет;Нет
3896737;Строительный, слесарный, монтажный инструмент;Milwaukee;4932478897;4932478897;;75,76;BYN;Опт. Цены с НДС. Товары в наличии 1 шт, точное количество уточняйте. Цена действительна в день заказа. Доставка только в будние дни. Выходные дни в сроке заказа не учитываются.;Milwaukee;"ООО ""АйТи Дистрибуция"". Минский район, Боровлянский сельсовет, 103/3-7;";"ЧП ""МобиЛАБ СЦ"". г. Минск, ул. Толбухина, 2А";12;2;4;Да;;Нет;;Нет;0;Нет;Нет
4513639;Строительный, слесарный, монтажный инструмент;Milwaukee;4932480705;4932480705;;38,44;BYN;Опт. Цены с НДС. Товары в наличии 1 шт, точное количество уточняйте. Цена действительна в день заказа. Доставка только в будние дни. Выходные дни в сроке заказа не учитываются.;Milwaukee;"ООО ""АйТи Дистрибуция"". Минский район, Боровлянский сельсовет, 103/3-7;";"ЧП ""МобиЛАБ СЦ"". г. Минск, ул. Толбухина, 2А";12;2;4;Да;;Нет;;Нет;0;Нет;Нет
4513692;Строительный, слесарный, монтажный инструмент;Milwaukee;4932492469;4932492469;;211,45;BYN;Опт. Цены с НДС. Товары в наличии 1 шт, точное количество уточняйте. Цена действительна в день заказа. Доставка только в будние дни. Выходные дни в сроке заказа не учитываются.;Milwaukee;"ООО ""АйТи Дистрибуция"". Минский район, Боровлянский сельсовет, 103/3-7;";"ЧП ""МобиЛАБ СЦ"". г. Минск, ул. Толбухина, 2А";12;2;4;Да;;Нет;;Нет;0;Нет;Нет
4986903;Строительный, слесарный, монтажный инструмент;Milwaukee;4932498391;4932498391, 4058546522605;;115,33;BYN;Опт. Цены с НДС. Товары в наличии 1 шт, точное количество уточняйте. Цена действительна в день заказа. Доставка только в будние дни. Выходные дни в сроке заказа не учитываются.;Milwaukee;"ООО ""АйТи Дистрибуция"". Минский район, Боровлянский сельсовет, 103/3-7;";"ЧП ""МобиЛАБ СЦ"". г. Минск, ул. Толбухина, 2А";12;2;4;Да;;Нет;;Нет;0;Нет;Нет
4952340;Строительный, слесарный, монтажный инструмент;Milwaukee;4932498716;4932498716;;163,96;BYN;Опт. Цены с НДС. Товары в наличии 1 шт, точное количество уточняйте. Цена действительна в день заказа. Доставка только в будние дни. Выходные дни в сроке заказа не учитываются.;Milwaukee;"ООО ""АйТи Дистрибуция"". Минский район, Боровлянский сельсовет, 103/3-7;";"ЧП ""МобиЛАБ СЦ"". г. Минск, ул. Толбухина, 2А";12;2;4;Да;;Нет;;Нет;0;Нет;Нет
4952341;Строительный, слесарный, монтажный инструмент;Milwaukee;4932498742;4932498742;;185,44;BYN;Опт. Цены с НДС. Товары в наличии 1 шт, точное количество уточняйте. Цена действительна в день заказа. Доставка только в будние дни. Выходные дни в сроке заказа не учитываются.;Milwaukee;"ООО ""АйТи Дистрибуция"". Минский район, Боровлянский сельсовет, 103/3-7;";"ЧП ""МобиЛАБ СЦ"". г. Минск, ул. Толбухина, 2А";12;2;4;Да;;Нет;;Нет;0;Нет;Нет
5162087;Строительный, слесарный, монтажный инструмент;Milwaukee;4932498772;4932498772, 4058546526412;;90,46;BYN;Опт. Цены с НДС. Товары в наличии 1 шт, точное количество уточняйте. Цена действительна в день заказа. Доставка только в будние дни. Выходные дни в сроке заказа не учитываются.;Milwaukee;"ООО ""АйТи Дистрибуция"". Минский район, Боровлянский сельсовет, 103/3-7;";"ЧП ""МобиЛАБ СЦ"". г. Минск, ул. Толбухина, 2А";12;2;4;Да;;Нет;;Нет;0;Нет;Нет
5162084;Строительный, слесарный, монтажный инструмент;Milwaukee;4932498785;4932498785, 4058546526542;;74,63;BYN;Опт. Цены с НДС. Товары в наличии 1 шт, точное количество уточняйте. Цена действительна в день заказа. Доставка только в будние дни. Выходные дни в сроке заказа не учитываются.;Milwaukee;"ООО ""АйТи Дистрибуция"". Минский район, Боровлянский сельсовет, 103/3-7;";"ЧП ""МобиЛАБ СЦ"". г. Минск, ул. Толбухина, 2А";12;2;4;Да;;Нет;;Нет;0;Нет;Нет
4513722;Строительный, слесарный, монтажный инструмент;Milwaukee;4933471979;4933471979;;2086,21;BYN;Опт. Цены с НДС. Товары в наличии 1 шт, точное количество уточняйте. Цена действительна в день заказа. Доставка только в будние дни. Выходные дни в сроке заказа не учитываются.;Milwaukee;"ООО ""АйТи Дистрибуция"". Минский район, Боровлянский сельсовет, 103/3-7;";"ЧП ""МобиЛАБ СЦ"". г. Минск, ул. Толбухина, 2А";12;2;4;Да;;Нет;;Нет;0;Нет;Нет
4564491;Строительный, слесарный, монтажный инструмент;Milwaukee;I-Beam магнитный 4932478565;4932478565, 4058546347581;;201,27;BYN;Опт. Цены с НДС. Товары в наличии 1 шт, точное количество уточняйте. Цена действительна в день заказа. Доставка только в будние дни. Выходные дни в сроке заказа не учитываются.;Milwaukee;"ООО ""АйТи Дистрибуция"". Минский район, Боровлянский сельсовет, 103/3-7;";"ЧП ""МобиЛАБ СЦ"". г. Минск, ул. Толбухина, 2А";12;2;4;Да;;Нет;;Нет;0;Нет;Нет
4564498;Строительный, слесарный, монтажный инструмент;Milwaukee;Redstick Backbone 4932459061;4932459061, 4002395280322;;350,53;BYN;Опт. Цены с НДС. Товары в наличии 1 шт, точное количество уточняйте. Цена действительна в день заказа. Доставка только в будние дни. Выходные дни в сроке заказа не учитываются.;Milwaukee;"ООО ""АйТи Дистрибуция"". Минский район, Боровлянский сельсовет, 103/3-7;";"ЧП ""МобиЛАБ СЦ"". г. Минск, ул. Толбухина, 2А";12;2;4;Да;;Нет;;Нет;0;Нет;Нет
4564499;Строительный, слесарный, монтажный инструмент;Milwaukee;Redstick Backbone 4932459063;4932459063, 4002395280346;;420,63;BYN;Опт. Цены с НДС. Товары в наличии 1 шт, точное количество уточняйте. Цена действительна в день заказа. Доставка только в будние дни. Выходные дни в сроке заказа не учитываются.;Milwaukee;"ООО ""АйТи Дистрибуция"". Минский район, Боровлянский сельсовет, 103/3-7;";"ЧП ""МобиЛАБ СЦ"". г. Минск, ул. Толбухина, 2А";12;2;4;Да;;Нет;;Нет;0;Нет;Нет
4564500;Строительный, слесарный, монтажный инструмент;Milwaukee;Redstick Backbone 4932459065;4932459065, 4002395280360;;452,29;BYN;Опт. Цены с НДС. Товары в наличии 1 шт, точное количество уточняйте. Цена действительна в день заказа. Доставка только в будние дни. Выходные дни в сроке заказа не учитываются.;Milwaukee;"ООО ""АйТи Дистрибуция"". Минский район, Боровлянский сельсовет, 103/3-7;";"ЧП ""МобиЛАБ СЦ"". г. Минск, ул. Толбухина, 2А";12;2;4;Да;;Нет;;Нет;0;Нет;Нет
4564501;Строительный, слесарный, монтажный инструмент;Milwaukee;Redstick Backbone 4932459071;4932459071, 4002395281046;;763,25;BYN;Опт. Цены с НДС. Товары в наличии 1 шт, точное количество уточняйте. Цена действительна в день заказа. Доставка только в будние дни. Выходные дни в сроке заказа не учитываются.;Milwaukee;"ООО ""АйТи Дистрибуция"". Минский район, Боровлянский сельсовет, 103/3-7;";"ЧП ""МобиЛАБ СЦ"". г. Минск, ул. Толбухина, 2А";12;2;4;Да;;Нет;;Нет;0;Нет;Нет
4564505;Строительный, слесарный, монтажный инструмент;Milwaukee;Redstick Compact 4932459084;4932459084, 4002395281770;;282,68;BYN;Опт. Цены с НДС. Товары в наличии 1 шт, точное количество уточняйте. Цена действительна в день заказа. Доставка только в будние дни. Выходные дни в сроке заказа не учитываются.;Milwaukee;"ООО ""АйТи Дистрибуция"". Минский район, Боровлянский сельсовет, 103/3-7;";"ЧП ""МобиЛАБ СЦ"". г. Минск, ул. Толбухина, 2А";12;2;4;Да;;Нет;;Нет;0;Нет;Нет
4564507;Строительный, слесарный, монтажный инструмент;Milwaukee;Redstick Compact 4932459086;4932459086, 4002395281794;;350,53;BYN;Опт. Цены с НДС. Товары в наличии 1 шт, точное количество уточняйте. Цена действительна в день заказа. Доставка только в будние дни. Выходные дни в сроке заказа не учитываются.;Milwaukee;"ООО ""АйТи Дистрибуция"". Минский район, Боровлянский сельсовет, 103/3-7;";"ЧП ""МобиЛАБ СЦ"". г. Минск, ул. Толбухина, 2А";12;2;4;Да;;Нет;;Нет;0;Нет;Нет
4564508;Строительный, слесарный, монтажный инструмент;Milwaukee;Redstick Compact магнитный 4932459083;4932459083, 4002395281763;;339,22;BYN;Опт. Цены с НДС. Товары в наличии 1 шт, точное количество уточняйте. Цена действительна в день заказа. Доставка только в будние дни. Выходные дни в сроке заказа не учитываются.;Milwaukee;"ООО ""АйТи Дистрибуция"". Минский район, Боровлянский сельсовет, 103/3-7;";"ЧП ""МобиЛАБ СЦ"". г. Минск, ул. Толбухина, 2А";12;2;4;Да;;Нет;;Нет;0;Нет;Нет
4564511;Строительный, слесарный, монтажный инструмент;Milwaukee;Redstick Compact магнитный 4932459085;4932459085, 4002395281787;;355,05;BYN;Опт. Цены с НДС. Товары в наличии 1 шт, точное количество уточняйте. Цена действительна в день заказа. Доставка только в будние дни. Выходные дни в сроке заказа не учитываются.;Milwaukee;"ООО ""АйТи Дистрибуция"". Минский район, Боровлянский сельсовет, 103/3-7;";"ЧП ""МобиЛАБ СЦ"". г. Минск, ул. Толбухина, 2А";12;2;4;Да;;Нет;;Нет;0;Нет;Нет
4564514;Строительный, слесарный, монтажный инструмент;Milwaukee;Slim 4932472091;4932472091, 4058546324872;;54,28;BYN;Опт. Цены с НДС. Товары в наличии 1 шт, точное количество уточняйте. Цена действительна в день заказа. Доставка только в будние дни. Выходные дни в сроке заказа не учитываются.;Milwaukee;"ООО ""АйТи Дистрибуция"". Минский район, Боровлянский сельсовет, 103/3-7;";"ЧП ""МобиЛАБ СЦ"". г. Минск, ул. Толбухина, 2А";12;2;4;Да;;Нет;;Нет;0;Нет;Нет
3896742;Строительный, слесарный, монтажный инструмент;Milwaukee;Угольник Milwaukee 4932472124;4932472124;;96,11;BYN;Опт. Цены с НДС. Товары в наличии 1 шт, точное количество уточняйте. Цена действительна в день заказа. Доставка только в будние дни. Выходные дни в сроке заказа не учитываются.;Milwaukee;"ООО ""АйТи Дистрибуция"". Минский район, Боровлянский сельсовет, 103/3-7;";"ЧП ""МобиЛАБ СЦ"". г. Минск, ул. Толбухина, 2А";12;2;4;Да;;Нет;;Нет;0;Нет;Нет
5041379;Строительный, слесарный, монтажный инструмент;P.I.T.;ADVANCE HSQR01-0203;HSQR01-0203;;11,28;BYN;Опт. Цены с НДС. Товары в наличии 1 шт, точное количество уточняйте. Цена действительна в день заказа. Доставка только в будние дни. Выходные дни в сроке заказа не учитываются.;P.I.T.;"ООО ""АйТи Дистрибуция"". Минский район, Боровлянский сельсовет, 103/3-7;";"ЧП ""МобиЛАБ СЦ"". г. Минск, ул. Толбухина, 2А";12;2;4;Да;;Нет;;Нет;0;Нет;Нет
5041380;Строительный, слесарный, монтажный инструмент;P.I.T.;ADVANCE HSQR01-0406;HSQR01-0406;;21,17;BYN;Опт. Цены с НДС. Товары в наличии 1 шт, точное количество уточняйте. Цена действительна в день заказа. Доставка только в будние дни. Выходные дни в сроке заказа не учитываются.;P.I.T.;"ООО ""АйТи Дистрибуция"". Минский район, Боровлянский сельсовет, 103/3-7;";"ЧП ""МобиЛАБ СЦ"". г. Минск, ул. Толбухина, 2А";12;2;4;Да;;Нет;;Нет;0;Нет;Нет
5041378;Строительный, слесарный, монтажный инструмент;P.I.T.;DRUA HSQR03-0300;HSQR03-0300;;51,71;BYN;Опт. Цены с НДС. Товары в наличии 1 шт, точное количество уточняйте. Цена действительна в день заказа. Доставка только в будние дни. Выходные дни в сроке заказа не учитываются.;P.I.T.;"ООО ""АйТи Дистрибуция"". Минский район, Боровлянский сельсовет, 103/3-7;";"ЧП ""МобиЛАБ СЦ"". г. Минск, ул. Толбухина, 2А";12;2;4;Да;;Нет;;Нет;0;Нет;Нет
5041375;Строительный, слесарный, монтажный инструмент;P.I.T.;DRUA HSQR04-0180A;HSQR04-0180A;;32,00;BYN;Опт. Цены с НДС. Товары в наличии 1 шт, точное количество уточняйте. Цена действительна в день заказа. Доставка только в будние дни. Выходные дни в сроке заказа не учитываются.;P.I.T.;"ООО ""АйТи Дистрибуция"". Минский район, Боровлянский сельсовет, 103/3-7;";"ЧП ""МобиЛАБ СЦ"". г. Минск, ул. Толбухина, 2А";12;2;4;Да;;Нет;;Нет;0;Нет;Нет
5041377;Строительный, слесарный, монтажный инструмент;P.I.T.;DRUA HSQR04-0180C;HSQR04-0180C;;40,28;BYN;Опт. Цены с НДС. Товары в наличии 1 шт, точное количество уточняйте. Цена действительна в день заказа. Доставка только в будние дни. Выходные дни в сроке заказа не учитываются.;P.I.T.;"ООО ""АйТи Дистрибуция"". Минский район, Боровлянский сельсовет, 103/3-7;";"ЧП ""МобиЛАБ СЦ"". г. Минск, ул. Толбухина, 2А";12;2;4;Да;;Нет;;Нет;0;Нет;Нет
5041376;Строительный, слесарный, монтажный инструмент;P.I.T.;HSQR04-0180B;HSQR04-0180B;;51,31;BYN;Опт. Цены с НДС. Товары в наличии 1 шт, точное количество уточняйте. Цена действительна в день заказа. Доставка только в будние дни. Выходные дни в сроке заказа не учитываются.;P.I.T.;"ООО ""АйТи Дистрибуция"". Минский район, Боровлянский сельсовет, 103/3-7;";"ЧП ""МобиЛАБ СЦ"". г. Минск, ул. Толбухина, 2А";12;2;4;Да;;Нет;;Нет;0;Нет;Нет
5030274;Строительный, слесарный, монтажный инструмент;Workpro;WP261002;WP261002;;9,68;BYN;Опт. Цены с НДС. Товары в наличии 1 шт, точное количество уточняйте. Цена действительна в день заказа. Доставка только в будние дни. Выходные дни в сроке заказа не учитываются.;Workpro;"ООО ""АйТи Дистрибуция"". Минский район, Боровлянский сельсовет, 103/3-7;";"ЧП ""МобиЛАБ СЦ"". г. Минск, ул. Толбухина, 2А";12;2;4;Да;;Нет;;Нет;0;Нет;Нет
5030275;Строительный, слесарный, монтажный инструмент;Workpro;WP261003;WP261003;;13,50;BYN;Опт. Цены с НДС. Товары в наличии 1 шт, точное количество уточняйте. Цена действительна в день заказа. Доставка только в будние дни. Выходные дни в сроке заказа не учитываются.;Workpro;"ООО ""АйТи Дистрибуция"". Минский район, Боровлянский сельсовет, 103/3-7;";"ЧП ""МобиЛАБ СЦ"". г. Минск, ул. Толбухина, 2А";12;2;4;Да;;Нет;;Нет;0;Нет;Нет
5030276;Строительный, слесарный, монтажный инструмент;Workpro;WP261004;WP261004;;23,35;BYN;Опт. Цены с НДС. Товары в наличии 1 шт, точное количество уточняйте. Цена действительна в день заказа. Доставка только в будние дни. Выходные дни в сроке заказа не учитываются.;Workpro;"ООО ""АйТи Дистрибуция"". Минский район, Боровлянский сельсовет, 103/3-7;";"ЧП ""МобиЛАБ СЦ"". г. Минск, ул. Толбухина, 2А";12;2;4;Да;;Нет;;Нет;0;Нет;Нет
5030277;Строительный, слесарный, монтажный инструмент;Workpro;WP261005;WP261005;;12,72;BYN;Опт. Цены с НДС. Товары в наличии 1 шт, точное количество уточняйте. Цена действительна в день заказа. Доставка только в будние дни. Выходные дни в сроке заказа не учитываются.;Workpro;"ООО ""АйТи Дистрибуция"". Минский район, Боровлянский сельсовет, 103/3-7;";"ЧП ""МобиЛАБ СЦ"". г. Минск, ул. Толбухина, 2А";12;2;4;Да;;Нет;;Нет;0;Нет;Нет
5030278;Строительный, слесарный, монтажный инструмент;Workpro;WP261006;WP261006;;18,23;BYN;Опт. Цены с НДС. Товары в наличии 1 шт, точное количество уточняйте. Цена действительна в день заказа. Доставка только в будние дни. Выходные дни в сроке заказа не учитываются.;Workpro;"ООО ""АйТи Дистрибуция"". Минский район, Боровлянский сельсовет, 103/3-7;";"ЧП ""МобиЛАБ СЦ"". г. Минск, ул. Толбухина, 2А";12;2;4;Да;;Нет;;Нет;0;Нет;Нет
5030279;Строительный, слесарный, монтажный инструмент;Workpro;WP261007;WP261007;;30,85;BYN;Опт. Цены с НДС. Товары в наличии 1 шт, точное количество уточняйте. Цена действительна в день заказа. Доставка только в будние дни. Выходные дни в сроке заказа не учитываются.;Workpro;"ООО ""АйТи Дистрибуция"". Минский район, Боровлянский сельсовет, 103/3-7;";"ЧП ""МобиЛАБ СЦ"". г. Минск, ул. Толбухина, 2А";12;2;4;Да;;Нет;;Нет;0;Нет;Нет
5030280;Строительный, слесарный, монтажный инструмент;Workpro;WP261008;WP261008;;14,20;BYN;Опт. Цены с НДС. Товары в наличии 1 шт, точное количество уточняйте. Цена действительна в день заказа. Доставка только в будние дни. Выходные дни в сроке заказа не учитываются.;Workpro;"ООО ""АйТи Дистрибуция"". Минский район, Боровлянский сельсовет, 103/3-7;";"ЧП ""МобиЛАБ СЦ"". г. Минск, ул. Толбухина, 2А";12;2;4;Да;;Нет;;Нет;0;Нет;Нет
5030281;Строительный, слесарный, монтажный инструмент;Workpro;WP261009;WP261009;;19,06;BYN;Опт. Цены с НДС. Товары в наличии 1 шт, точное количество уточняйте. Цена действительна в день заказа. Доставка только в будние дни. Выходные дни в сроке заказа не учитываются.;Workpro;"ООО ""АйТи Дистрибуция"". Минский район, Боровлянский сельсовет, 103/3-7;";"ЧП ""МобиЛАБ СЦ"". г. Минск, ул. Толбухина, 2А";12;2;4;Да;;Нет;;Нет;0;Нет;Нет
5030282;Строительный, слесарный, монтажный инструмент;Workpro;WP261010;WP261010;;31,90;BYN;Опт. Цены с НДС. Товары в наличии 1 шт, точное количество уточняйте. Цена действительна в день заказа. Доставка только в будние дни. Выходные дни в сроке заказа не учитываются.;Workpro;"ООО ""АйТи Дистрибуция"". Минский район, Боровлянский сельсовет, 103/3-7;";"ЧП ""МобиЛАБ СЦ"". г. Минск, ул. Толбухина, 2А";12;2;4;Да;;Нет;;Нет;0;Нет;Нет
5030283;Строительный, слесарный, монтажный инструмент;Workpro;WP262026;WP262026;;8,13;BYN;Опт. Цены с НДС. Товары в наличии 1 шт, точное количество уточняйте. Цена действительна в день заказа. Доставка только в будние дни. Выходные дни в сроке заказа не учитываются.;Workpro;"ООО ""АйТи Дистрибуция"". Минский район, Боровлянский сельсовет, 103/3-7;";"ЧП ""МобиЛАБ СЦ"". г. Минск, ул. Толбухина, 2А";12;2;4;Да;;Нет;;Нет;0;Нет;Нет
5030284;Строительный, слесарный, монтажный инструмент;Workpro;WP262027;WP262027;;21,03;BYN;Опт. Цены с НДС. Товары в наличии 1 шт, точное количество уточняйте. Цена действительна в день заказа. Доставка только в будние дни. Выходные дни в сроке заказа не учитываются.;Workpro;"ООО ""АйТи Дистрибуция"". Минский район, Боровлянский сельсовет, 103/3-7;";"ЧП ""МобиЛАБ СЦ"". г. Минск, ул. Толбухина, 2А";12;2;4;Да;;Нет;;Нет;0;Нет;Нет
5030285;Строительный, слесарный, монтажный инструмент;Workpro;WP262028;WP262028;;14,86;BYN;Опт. Цены с НДС. Товары в наличии 1 шт, точное количество уточняйте. Цена действительна в день заказа. Доставка только в будние дни. Выходные дни в сроке заказа не учитываются.;Workpro;"ООО ""АйТи Дистрибуция"". Минский район, Боровлянский сельсовет, 103/3-7;";"ЧП ""МобиЛАБ СЦ"". г. Минск, ул. Толбухина, 2А";12;2;4;Да;;Нет;;Нет;0;Нет;Нет
5030288;Строительный, слесарный, монтажный инструмент;Workpro;WP264002;WP264002;;34,28;BYN;Опт. Цены с НДС. Товары в наличии 1 шт, точное количество уточняйте. Цена действительна в день заказа. Доставка только в будние дни. Выходные дни в сроке заказа не учитываются.;Workpro;"ООО ""АйТи Дистрибуция"". Минский район, Боровлянский сельсовет, 103/3-7;";"ЧП ""МобиЛАБ СЦ"". г. Минск, ул. Толбухина, 2А";12;2;4;Да;;Нет;;Нет;0;Нет;Нет
5030289;Строительный, слесарный, монтажный инструмент;Workpro;WP264004;WP264004;;46,41;BYN;Опт. Цены с НДС. Товары в наличии 1 шт, точное количество уточняйте. Цена действительна в день заказа. Доставка только в будние дни. Выходные дни в сроке заказа не учитываются.;Workpro;"ООО ""АйТи Дистрибуция"". Минский район, Боровлянский сельсовет, 103/3-7;";"ЧП ""МобиЛАБ СЦ"". г. Минск, ул. Толбухина, 2А";12;2;4;Да;;Нет;;Нет;0;Нет;Нет
5030290;Строительный, слесарный, монтажный инструмент;Workpro;WP264005;WP264005;;16,51;BYN;Опт. Цены с НДС. Товары в наличии 1 шт, точное количество уточняйте. Цена действительна в день заказа. Доставка только в будние дни. Выходные дни в сроке заказа не учитываются.;Workpro;"ООО ""АйТи Дистрибуция"". Минский район, Боровлянский сельсовет, 103/3-7;";"ЧП ""МобиЛАБ СЦ"". г. Минск, ул. Толбухина, 2А";12;2;4;Да;;Нет;;Нет;0;Нет;Нет
5030291;Строительный, слесарный, монтажный инструмент;Workpro;WP264006;WP264006;;32,92;BYN;Опт. Цены с НДС. Товары в наличии 1 шт, точное количество уточняйте. Цена действительна в день заказа. Доставка только в будние дни. Выходные дни в сроке заказа не учитываются.;Workpro;"ООО ""АйТи Дистрибуция"". Минский район, Боровлянский сельсовет, 103/3-7;";"ЧП ""МобиЛАБ СЦ"". г. Минск, ул. Толбухина, 2А";12;2;4;Да;;Нет;;Нет;0;Нет;Нет
5030292;Строительный, слесарный, монтажный инструмент;Workpro;WP264007;WP264007;;15,14;BYN;Опт. Цены с НДС. Товары в наличии 1 шт, точное количество уточняйте. Цена действительна в день заказа. Доставка только в будние дни. Выходные дни в сроке заказа не учитываются.;Workpro;"ООО ""АйТи Дистрибуция"". Минский район, Боровлянский сельсовет, 103/3-7;";"ЧП ""МобиЛАБ СЦ"". г. Минск, ул. Толбухина, 2А";12;2;4;Да;;Нет;;Нет;0;Нет;Нет
5030293;Строительный, слесарный, монтажный инструмент;Workpro;WP264008;WP264008;;36,84;BYN;Опт. Цены с НДС. Товары в наличии 1 шт, точное количество уточняйте. Цена действительна в день заказа. Доставка только в будние дни. Выходные дни в сроке заказа не учитываются.;Workpro;"ООО ""АйТи Дистрибуция"". Минский район, Боровлянский сельсовет, 103/3-7;";"ЧП ""МобиЛАБ СЦ"". г. Минск, ул. Толбухина, 2А";12;2;4;Да;;Нет;;Нет;0;Нет;Нет
5030294;Строительный, слесарный, монтажный инструмент;Workpro;WP264009;WP264009;;13,42;BYN;Опт. Цены с НДС. Товары в наличии 1 шт, точное количество уточняйте. Цена действительна в день заказа. Доставка только в будние дни. Выходные дни в сроке заказа не учитываются.;Workpro;"ООО ""АйТи Дистрибуция"". Минский район, Боровлянский сельсовет, 103/3-7;";"ЧП ""МобиЛАБ СЦ"". г. Минск, ул. Толбухина, 2А";12;2;4;Да;;Нет;;Нет;0;Нет;Нет
5030295;Строительный, слесарный, монтажный инструмент;Workpro;WP264010;WP264010;;34,80;BYN;Опт. Цены с НДС. Товары в наличии 1 шт, точное количество уточняйте. Цена действительна в день заказа. Доставка только в будние дни. Выходные дни в сроке заказа не учитываются.;Workpro;"ООО ""АйТи Дистрибуция"". Минский район, Боровлянский сельсовет, 103/3-7;";"ЧП ""МобиЛАБ СЦ"". г. Минск, ул. Толбухина, 2А";12;2;4;Да;;Нет;;Нет;0;Нет;Нет
5030296;Строительный, слесарный, монтажный инструмент;Workpro;WP264011;WP264011;;15,14;BYN;Опт. Цены с НДС. Товары в наличии 1 шт, точное количество уточняйте. Цена действительна в день заказа. Доставка только в будние дни. Выходные дни в сроке заказа не учитываются.;Workpro;"ООО ""АйТи Дистрибуция"". Минский район, Боровлянский сельсовет, 103/3-7;";"ЧП ""МобиЛАБ СЦ"". г. Минск, ул. Толбухина, 2А";12;2;4;Да;;Нет;;Нет;0;Нет;Нет
5030297;Строительный, слесарный, монтажный инструмент;Workpro;WP264012;WP264012;;66,85;BYN;Опт. Цены с НДС. Товары в наличии 1 шт, точное количество уточняйте. Цена действительна в день заказа. Доставка только в будние дни. Выходные дни в сроке заказа не учитываются.;Workpro;"ООО ""АйТи Дистрибуция"". Минский район, Боровлянский сельсовет, 103/3-7;";"ЧП ""МобиЛАБ СЦ"". г. Минск, ул. Толбухина, 2А";12;2;4;Да;;Нет;;Нет;0;Нет;Нет
5030298;Строительный, слесарный, монтажный инструмент;Workpro;WP265001;WP265001;;6,84;BYN;Опт. Цены с НДС. Товары в наличии 1 шт, точное количество уточняйте. Цена действительна в день заказа. Доставка только в будние дни. Выходные дни в сроке заказа не учитываются.;Workpro;"ООО ""АйТи Дистрибуция"". Минский район, Боровлянский сельсовет, 103/3-7;";"ЧП ""МобиЛАБ СЦ"". г. Минск, ул. Толбухина, 2А";12;2;4;Да;;Нет;;Нет;0;Нет;Нет
5030299;Строительный, слесарный, монтажный инструмент;Workpro;WP265002;WP265002;;15,81;BYN;Опт. Цены с НДС. Товары в наличии 1 шт, точное количество уточняйте. Цена действительна в день заказа. Доставка только в будние дни. Выходные дни в сроке заказа не учитываются.;Workpro;"ООО ""АйТи Дистрибуция"". Минский район, Боровлянский сельсовет, 103/3-7;";"ЧП ""МобиЛАБ СЦ"". г. Минск, ул. Толбухина, 2А";12;2;4;Да;;Нет;;Нет;0;Нет;Нет
5030300;Строительный, слесарный, монтажный инструмент;Workpro;WP265003;WP265003;;34,10;BYN;Опт. Цены с НДС. Товары в наличии 1 шт, точное количество уточняйте. Цена действительна в день заказа. Доставка только в будние дни. Выходные дни в сроке заказа не учитываются.;Workpro;"ООО ""АйТи Дистрибуция"". Минский район, Боровлянский сельсовет, 103/3-7;";"ЧП ""МобиЛАБ СЦ"". г. Минск, ул. Толбухина, 2А";12;2;4;Да;;Нет;;Нет;0;Нет;Нет
5078991;Строительный, слесарный, монтажный инструмент;Workpro;WP266003;WP266003;;103,27;BYN;Опт. Цены с НДС. Товары в наличии 1 шт, точное количество уточняйте. Цена действительна в день заказа. Доставка только в будние дни. Выходные дни в сроке заказа не учитываются.;Workpro;"ООО ""АйТи Дистрибуция"". Минский район, Боровлянский сельсовет, 103/3-7;";"ЧП ""МобиЛАБ СЦ"". г. Минск, ул. Толбухина, 2А";12;2;4;Да;;Нет;;Нет;0;Нет;Нет
5078992;Строительный, слесарный, монтажный инструмент;Workpro;WP266004;WP266004;;94,12;BYN;Опт. Цены с НДС. Товары в наличии 1 шт, точное количество уточняйте. Цена действительна в день заказа. Доставка только в будние дни. Выходные дни в сроке заказа не учитываются.;Workpro;"ООО ""АйТи Дистрибуция"". Минский район, Боровлянский сельсовет, 103/3-7;";"ЧП ""МобиЛАБ СЦ"". г. Минск, ул. Толбухина, 2А";12;2;4;Да;;Нет;;Нет;0;Нет;Нет
5030301;Строительный, слесарный, монтажный инструмент;Workpro;WP269001;WP269001;;37,26;BYN;Опт. Цены с НДС. Товары в наличии 1 шт, точное количество уточняйте. Цена действительна в день заказа. Доставка только в будние дни. Выходные дни в сроке заказа не учитываются.;Workpro;"ООО ""АйТи Дистрибуция"". Минский район, Боровлянский сельсовет, 103/3-7;";"ЧП ""МобиЛАБ СЦ"". г. Минск, ул. Толбухина, 2А";12;2;4;Да;;Нет;;Нет;0;Нет;Нет
5030302;Строительный, слесарный, монтажный инструмент;Workpro;WP269002;WP269002;;58,05;BYN;Опт. Цены с НДС. Товары в наличии 1 шт, точное количество уточняйте. Цена действительна в день заказа. Доставка только в будние дни. Выходные дни в сроке заказа не учитываются.;Workpro;"ООО ""АйТи Дистрибуция"". Минский район, Боровлянский сельсовет, 103/3-7;";"ЧП ""МобиЛАБ СЦ"". г. Минск, ул. Толбухина, 2А";12;2;4;Да;;Нет;;Нет;0;Нет;Нет
5031669;Строительный, слесарный, монтажный инструмент;Workpro;WP289001;WP289001, 6914280016160;;45,05;BYN;Опт. Цены с НДС. Товары в наличии 1 шт, точное количество уточняйте. Цена действительна в день заказа. Доставка только в будние дни. Выходные дни в сроке заказа не учитываются.;Workpro;"ООО ""АйТи Дистрибуция"". Минский район, Боровлянский сельсовет, 103/3-7;";"ЧП ""МобиЛАБ СЦ"". г. Минск, ул. Толбухина, 2А";12;2;4;Да;;Нет;;Нет;0;Нет;Нет
5031667;Строительный, слесарный, монтажный инструмент;Workpro;WP289002;WP289002, 6914280016177;;35,82;BYN;Опт. Цены с НДС. Товары в наличии 1 шт, точное количество уточняйте. Цена действительна в день заказа. Доставка только в будние дни. Выходные дни в сроке заказа не учитываются.;Workpro;"ООО ""АйТи Дистрибуция"". Минский район, Боровлянский сельсовет, 103/3-7;";"ЧП ""МобиЛАБ СЦ"". г. Минск, ул. Толбухина, 2А";12;2;4;Да;;Нет;;Нет;0;Нет;Нет
5198371;Штативы и аксессуары для измерительных приборов;MaxPiler;MT-0112;MT-0112, 4673728732469;;33,06;BYN;Опт. Цены с НДС. Товары в наличии 1 шт, точное количество уточняйте. Цена действительна в день заказа. Доставка только в будние дни. Выходные дни в сроке заказа не учитываются.;MaxPiler;"ООО ""АйТи Дистрибуция"". Минский район, Боровлянский сельсовет, 103/3-7;";"ЧП ""МобиЛАБ СЦ"". г. Минск, ул. Толбухина, 2А";12;2;4;Да;;Нет;;Нет;0;Нет;Нет
5198370;Штативы и аксессуары для измерительных приборов;MaxPiler;MT-0115;MT-0115, 4673744841749;;43,51;BYN;Опт. Цены с НДС. Товары в наличии 1 шт, точное количество уточняйте. Цена действительна в день заказа. Доставка только в будние дни. Выходные дни в сроке заказа не учитываются.;MaxPiler;"ООО ""АйТи Дистрибуция"". Минский район, Боровлянский сельсовет, 103/3-7;";"ЧП ""МобиЛАБ СЦ"". г. Минск, ул. Толбухина, 2А";12;2;4;Да;;Нет;;Нет;0;Нет;Нет
4604634;Штативы и аксессуары для измерительных приборов;Milwaukee;4932479198;4932479198;;1887,51;BYN;Опт. Цены с НДС. Товары в наличии 1 шт, точное количество уточняйте. Цена действительна в день заказа. Доставка только в будние дни. Выходные дни в сроке заказа не учитываются.;Milwaukee;"ООО ""АйТи Дистрибуция"". Минский район, Боровлянский сельсовет, 103/3-7;";"ЧП ""МобиЛАБ СЦ"". г. Минск, ул. Толбухина, 2А";12;2;4;Да;;Нет;;Нет;0;Нет;Нет
4569007;Штативы и аксессуары для измерительных приборов;Milwaukee;4932479205;4932479205, 4058546369996;;1017,22;BYN;Опт. Цены с НДС. Товары в наличии 1 шт, точное количество уточняйте. Цена действительна в день заказа. Доставка только в будние дни. Выходные дни в сроке заказа не учитываются.;Milwaukee;"ООО ""АйТи Дистрибуция"". Минский район, Боровлянский сельсовет, 103/3-7;";"ЧП ""МобиЛАБ СЦ"". г. Минск, ул. Толбухина, 2А";12;2;4;Да;;Нет;;Нет;0;Нет;Нет
4600976;Штативы и аксессуары для измерительных приборов;Milwaukee;4932493197;4932493197;;2034,45;BYN;Опт. Цены с НДС. Товары в наличии 1 шт, точное количество уточняйте. Цена действительна в день заказа. Доставка только в будние дни. Выходные дни в сроке заказа не учитываются.;Milwaukee;"ООО ""АйТи Дистрибуция"". Минский район, Боровлянский сельсовет, 103/3-7;";"ЧП ""МобиЛАБ СЦ"". г. Минск, ул. Толбухина, 2А";12;2;4;Да;;Нет;;Нет;0;Нет;Нет
4600978;Штативы и аксессуары для измерительных приборов;Milwaukee;4932493198;4932493198;;2882,13;BYN;Опт. Цены с НДС. Товары в наличии 1 шт, точное количество уточняйте. Цена действительна в день заказа. Доставка только в будние дни. Выходные дни в сроке заказа не учитываются.;Milwaukee;"ООО ""АйТи Дистрибуция"". Минский район, Боровлянский сельсовет, 103/3-7;";"ЧП ""МобиЛАБ СЦ"". г. Минск, ул. Толбухина, 2А";12;2;4;Да;;Нет;;Нет;0;Нет;Нет
4470042;Штативы и аксессуары для измерительных приборов;Milwaukee;HI-VIST 4932478108;4932478108, 4058546340414;;62,16;BYN;Опт. Цены с НДС. Товары в наличии 1 шт, точное количество уточняйте. Цена действительна в день заказа. Доставка только в будние дни. Выходные дни в сроке заказа не учитываются.;Milwaukee;"ООО ""АйТи Дистрибуция"". Минский район, Боровлянский сельсовет, 103/3-7;";"ЧП ""МобиЛАБ СЦ"". г. Минск, ул. Толбухина, 2А";12;2;4;Да;;Нет;;Нет;0;Нет;Нет
4567199;Штативы и аксессуары для измерительных приборов;Milwaukee;LLD50 4932478104;4932478104, 4058546340377;;984,45;BYN;Опт. Цены с НДС. Товары в наличии 1 шт, точное количество уточняйте. Цена действительна в день заказа. Доставка только в будние дни. Выходные дни в сроке заказа не учитываются.;Milwaukee;"ООО ""АйТи Дистрибуция"". Минский район, Боровлянский сельсовет, 103/3-7;";"ЧП ""МобиЛАБ СЦ"". г. Минск, ул. Толбухина, 2А";12;2;4;Да;;Нет;;Нет;0;Нет;Нет
4605841;Штативы и аксессуары для измерительных приборов;Milwaukee;LRD100 4932479555;4932479555, 4058546373498;;1624,17;BYN;Опт. Цены с НДС. Товары в наличии 1 шт, точное количество уточняйте. Цена действительна в день заказа. Доставка только в будние дни. Выходные дни в сроке заказа не учитываются.;Milwaukee;"ООО ""АйТи Дистрибуция"". Минский район, Боровлянский сельсовет, 103/3-7;";"ЧП ""МобиЛАБ СЦ"". г. Минск, ул. Толбухина, 2А";12;2;4;Да;;Нет;;Нет;0;Нет;Нет
5038511;Штативы и аксессуары для измерительных приборов;Milwaukee;RD1200 4932493207;4932493207;;2712,59;BYN;Опт. Цены с НДС. Товары в наличии 1 шт, точное количество уточняйте. Цена действительна в день заказа. Доставка только в будние дни. Выходные дни в сроке заказа не учитываются.;Milwaukee;"ООО ""АйТи Дистрибуция"". Минский район, Боровлянский сельсовет, 103/3-7;";"ЧП ""МобиЛАБ СЦ"". г. Минск, ул. Толбухина, 2А";12;2;4;Да;;Нет;;Нет;0;Нет;Нет
4604644;Штативы и аксессуары для измерительных приборов;Milwaukee;ROD500 4932493203;4932493203, 4058546480745;;410,28;BYN;Опт. Цены с НДС. Товары в наличии 1 шт, точное количество уточняйте. Цена действительна в день заказа. Доставка только в будние дни. Выходные дни в сроке заказа не учитываются.;Milwaukee;"ООО ""АйТи Дистрибуция"". Минский район, Боровлянский сельсовет, 103/3-7;";"ЧП ""МобиЛАБ СЦ"". г. Минск, ул. Толбухина, 2А";12;2;4;Да;;Нет;;Нет;0;Нет;Нет
4470043;Штативы и аксессуары для измерительных приборов;Milwaukee;SR240 4932493202;4932493202, 4058546480738;;368,46;BYN;Опт. Цены с НДС. Товары в наличии 1 шт, точное количество уточняйте. Цена действительна в день заказа. Доставка только в будние дни. Выходные дни в сроке заказа не учитываются.;Milwaukee;"ООО ""АйТи Дистрибуция"". Минский район, Боровлянский сельсовет, 103/3-7;";"ЧП ""МобиЛАБ СЦ"". г. Минск, ул. Толбухина, 2А";12;2;4;Да;;Нет;;Нет;0;Нет;Нет
4470047;Штативы и аксессуары для измерительных приборов;Milwaukee;TRP160 4932493199;4932493199, 4058546480707;;661,19;BYN;Опт. Цены с НДС. Товары в наличии 1 шт, точное количество уточняйте. Цена действительна в день заказа. Доставка только в будние дни. Выходные дни в сроке заказа не учитываются.;Milwaukee;"ООО ""АйТи Дистрибуция"". Минский район, Боровлянский сельсовет, 103/3-7;";"ЧП ""МобиЛАБ СЦ"". г. Минск, ул. Толбухина, 2А";12;2;4;Да;;Нет;;Нет;0;Нет;Нет
4470050;Штативы и аксессуары для измерительных приборов;Milwaukee;TRP180 4932478106;4932478106, 4058546340391;;522,17;BYN;Опт. Цены с НДС. Товары в наличии 1 шт, точное количество уточняйте. Цена действительна в день заказа. Доставка только в будние дни. Выходные дни в сроке заказа не учитываются.;Milwaukee;"ООО ""АйТи Дистрибуция"". Минский район, Боровлянский сельсовет, 103/3-7;";"ЧП ""МобиЛАБ СЦ"". г. Минск, ул. Толбухина, 2А";12;2;4;Да;;Нет;;Нет;0;Нет;Нет
4217446;Экосистемы умного дома, датчики, центры управления;Dahua;ARD821-W2;DHI-ARD821-W2;;109,13;BYN;Опт. Цены с НДС. Товары в наличии 1 шт, точное количество уточняйте. Цена действительна в день заказа. Доставка только в будние дни. Выходные дни в сроке заказа не учитываются.;Жейанг Дахуа Технолоджи Ко. ЛТД. № 1199, ОГРН Сиань-Роуд, район Биньцзян Ханчжоу;"ООО ""АйТи Дистрибуция"". Минский район, Боровлянский сельсовет, 103/3-7;";"ЧП ""МобиЛАБ СЦ"". г. Минск, ул. Толбухина, 2А";12;2;4;Да;;Нет;;Нет;0;Нет;Нет
4165090;Экосистемы умного дома, датчики, центры управления;Dahua;ARD822-W2;DHI-ARD822-W2;;109,13;BYN;Опт. Цены с НДС. Товары в наличии 1 шт, точное количество уточняйте. Цена действительна в день заказа. Доставка только в будние дни. Выходные дни в сроке заказа не учитываются.;Жейанг Дахуа Технолоджи Ко. ЛТД. № 1199, ОГРН Сиань-Роуд, район Биньцзян Ханчжоу;"ООО ""АйТи Дистрибуция"". Минский район, Боровлянский сельсовет, 103/3-7;";"ЧП ""МобиЛАБ СЦ"". г. Минск, ул. Толбухина, 2А";12;2;4;Да;;Нет;;Нет;0;Нет;Нет
4561199;Экосистемы умного дома, датчики, центры управления;Dahua;ARD822-W2(868);ARD822-W2(868);;71,86;BYN;Опт. Цены с НДС. Товары в наличии 1 шт, точное количество уточняйте. Цена действительна в день заказа. Доставка только в будние дни. Выходные дни в сроке заказа не учитываются.;Жейанг Дахуа Технолоджи Ко. ЛТД. № 1199, ОГРН Сиань-Роуд, район Биньцзян Ханчжоу;"ООО ""АйТи Дистрибуция"". Минский район, Боровлянский сельсовет, 103/3-7;";"ЧП ""МобиЛАБ СЦ"". г. Минск, ул. Толбухина, 2А";12;2;4;Да;;Нет;;Нет;0;Нет;Нет
4217454;Экосистемы умного дома, датчики, центры управления;Dahua;ARD912-W2;DHI-ARD912-W2;;147,48;BYN;Опт. Цены с НДС. Товары в наличии 1 шт, точное количество уточняйте. Цена действительна в день заказа. Доставка только в будние дни. Выходные дни в сроке заказа не учитываются.;Жейанг Дахуа Технолоджи Ко. ЛТД. № 1199, ОГРН Сиань-Роуд, район Биньцзян Ханчжоу;"ООО ""АйТи Дистрибуция"". Минский район, Боровлянский сельсовет, 103/3-7;";"ЧП ""МобиЛАБ СЦ"". г. Минск, ул. Толбухина, 2А";12;2;4;Да;;Нет;;Нет;0;Нет;Нет
4115708;Экосистемы умного дома, датчики, центры управления;Dahua;DHI-ARD821-W2(868);DHI-ARD821-W2(868);;71,86;BYN;Опт. Цены с НДС. Товары в наличии 1 шт, точное количество уточняйте. Цена действительна в день заказа. Доставка только в будние дни. Выходные дни в сроке заказа не учитываются.;Жейанг Дахуа Технолоджи Ко. ЛТД. № 1199, ОГРН Сиань-Роуд, район Биньцзян Ханчжоу;"ООО ""АйТи Дистрибуция"". Минский район, Боровлянский сельсовет, 103/3-7;";"ЧП ""МобиЛАБ СЦ"". г. Минск, ул. Толбухина, 2А";12;2;4;Да;;Нет;;Нет;0;Нет;Нет
3955671;Экосистемы умного дома, датчики, центры управления;Dahua;DHI-ARD912-W2 (868D);DHI-ARD912-W2 (868D);;122,62;BYN;Опт. Цены с НДС. Товары в наличии 1 шт, точное количество уточняйте. Цена действительна в день заказа. Доставка только в будние дни. Выходные дни в сроке заказа не учитываются.;Жейанг Дахуа Технолоджи Ко. ЛТД. № 1199, ОГРН Сиань-Роуд, район Биньцзян Ханчжоу;"ООО ""АйТи Дистрибуция"". Минский район, Боровлянский сельсовет, 103/3-7;";"ЧП ""МобиЛАБ СЦ"". г. Минск, ул. Толбухина, 2А";12;2;4;Да;;Нет;;Нет;0;Нет;Нет
4144089;Экшен-камеры;BodyDvr;350 64Гб/GPS;;;747,26;BYN;Опт. Цены с НДС. Товары в наличии 1 шт, точное количество уточняйте. Цена действительна в день заказа. Доставка только в будние дни. Выходные дни в сроке заказа не учитываются.;BodyDvr;"ООО ""АйТи Дистрибуция"". Минский район, Боровлянский сельсовет, 103/3-7;";"ЧП ""МобиЛАБ СЦ"". г. Минск, ул. Толбухина, 2А";12;2;4;Да;;Нет;;Нет;0;Нет;Нет
4144170;Экшен-камеры;BodyDvr;550 64Гб/GPS;;;946,76;BYN;Опт. Цены с НДС. Товары в наличии 1 шт, точное количество уточняйте. Цена действительна в день заказа. Доставка только в будние дни. Выходные дни в сроке заказа не учитываются.;BodyDvr;"ООО ""АйТи Дистрибуция"". Минский район, Боровлянский сельсовет, 103/3-7;";"ЧП ""МобиЛАБ СЦ"". г. Минск, ул. Толбухина, 2А";12;2;4;Да;;Нет;;Нет;0;Нет;Нет
4973426;Экшен-камеры;BodyDvr;F1;;;739,37;BYN;Опт. Цены с НДС. Товары в наличии 1 шт, точное количество уточняйте. Цена действительна в день заказа. Доставка только в будние дни. Выходные дни в сроке заказа не учитываются.;BodyDvr;"ООО ""АйТи Дистрибуция"". Минский район, Боровлянский сельсовет, 103/3-7;";"ЧП ""МобиЛАБ СЦ"". г. Минск, ул. Толбухина, 2А";12;2;4;Да;;Нет;;Нет;0;Нет;Нет
4231632;Экшен-камеры;BodyDvr;S10 64Гб;;;710,07;BYN;Опт. Цены с НДС. Товары в наличии 1 шт, точное количество уточняйте. Цена действительна в день заказа. Доставка только в будние дни. Выходные дни в сроке заказа не учитываются.;BodyDvr;"ООО ""АйТи Дистрибуция"". Минский район, Боровлянский сельсовет, 103/3-7;";"ЧП ""МобиЛАБ СЦ"". г. Минск, ул. Толбухина, 2А";12;2;4;Да;;Нет;;Нет;0;Нет;Нет
4973479;Экшен-камеры;BodyDvr;X5A;;;817,14;BYN;Опт. Цены с НДС. Товары в наличии 1 шт, точное количество уточняйте. Цена действительна в день заказа. Доставка только в будние дни. Выходные дни в сроке заказа не учитываются.;BodyDvr;"ООО ""АйТи Дистрибуция"". Минский район, Боровлянский сельсовет, 103/3-7;";"ЧП ""МобиЛАБ СЦ"". г. Минск, ул. Толбухина, 2А";12;2;4;Да;;Нет;;Нет;0;Нет;Нет
5079981;Экшен-камеры;Dahua;DHI-MPT230-B1;DHI-MPT230-B1, 6939554941122;;4242,40;BYN;Опт. Цены с НДС. Товары в наличии 1 шт, точное количество уточняйте. Цена действительна в день заказа. Доставка только в будние дни. Выходные дни в сроке заказа не учитываются.;Жейанг Дахуа Технолоджи Ко. ЛТД. № 1199, ОГРН Сиань-Роуд, район Биньцзян Ханчжоу;"ООО ""АйТи Дистрибуция"". Минский район, Боровлянский сельсовет, 103/3-7;";"ЧП ""МобиЛАБ СЦ"". г. Минск, ул. Толбухина, 2А";12;2;4;Да;;Нет;;Нет;0;Нет;Нет
4280357;Электро- и бензорезы;Makita;CE001GZ (без АКБ);CE001GZ;;2243,91;BYN;Опт. Цены с НДС. Товары в наличии 1 шт, точное количество уточняйте. Цена действительна в день заказа. Доставка только в будние дни. Выходные дни в сроке заказа не учитываются.;Makita;"ООО ""АйТи Дистрибуция"". Минский район, Боровлянский сельсовет, 103/3-7;";"ЧП ""МобиЛАБ СЦ"". г. Минск, ул. Толбухина, 2А";12;2;4;Да;;Нет;;Нет;0;Нет;Нет
4437337;Электро- и бензорезы;Makita;CE002GZ01 (без АКБ);CE002GZ01, 0088381777681;;2917,42;BYN;Опт. Цены с НДС. Товары в наличии 1 шт, точное количество уточняйте. Цена действительна в день заказа. Доставка только в будние дни. Выходные дни в сроке заказа не учитываются.;Makita;"ООО ""АйТи Дистрибуция"". Минский район, Боровлянский сельсовет, 103/3-7;";"ЧП ""МобиЛАБ СЦ"". г. Минск, ул. Толбухина, 2А";12;2;4;Да;;Нет;;Нет;0;Нет;Нет
4195552;Электрошвабры, паровые швабры и полотеры;Galaxy Line;GL6401;GL6401, гл6401л;;174,09;BYN;Опт. Цены с НДС. Товары в наличии 1 шт, точное количество уточняйте. Цена действительна в день заказа. Доставка только в будние дни. Выходные дни в сроке заказа не учитываются.;Galaxy Line;"ООО ""АйТи Дистрибуция"". Минский район, Боровлянский сельсовет, 103/3-7;";"ЧП ""МобиЛАБ СЦ"". г. Минск, ул. Толбухина, 2А";12;2;4;Да;;Нет;;Нет;0;Нет;Нет
